wallet_id,paid_total,power
0x6113dc6542026982d7c94a0bb16e4696523a6383,3.09886,224.56 Mh/s
0x49ef80ac5e769f140d36252ded070993d9127c45,0.20054,28.67 Mh/s
0x3372d1768987ac8faa960d4b1f6fd4f1dc9bdf69,0.95736,272.33 Mh/s
0x2afdbc88cea4696cc69dc3ce48a4ad0270ba5660,12.54517,439.56 Mh/s
0xb1ab2261fbb4f7dd9b49c91f3396b992f3e9f991,0.57053,9.56 Mh/s
0xaf3bd93432a070d115fbbddc1449d405b55497e6,0.60133,43.00 Mh/s
0x687ad30241db8da5d0cb295c1cfa74a2f960c720,3.58011,100.33 Mh/s
0x7f14143fa81c8a49b2533e31b224d273470769fe,0,57.33 Mh/s
0xecd5be353eefe729810291e93f63a9504e26cbbb,1.66953,210.22 Mh/s
0xb90e111bd0c7d31f68e46f7e8b61f8a48bcf319b,35.28394,1.10 Gh/s
0x15a5511908d71f37c4db4157da5c673871092bf4,14.38022,903.00 Mh/s
0xaf22d200d2382a9ba6553d5befb612ffccceb38f,0.90867,215.00 Mh/s
0xe917752f85a7ff8515d5d0dd813e57aec4a59cc1,5.04012,229.33 Mh/s
0xa03f33a7d2c1169e9d9ef52cc1913b3358a3f494,3.58199,86.00 Mh/s
0x72bcf07061202783294ee3f0aa33fc0ebcefc186,8.54316,296.22 Mh/s
0x5d961b9686800419a1a8097c7272cfe19264ead4,2.84151,200.67 Mh/s
0x3aac5e10f2b8760777f850f954d4df98294a1ba6,2.76713,133.78 Mh/s
0x90137afc05ada7068e397378ee4dad74f44fbebd,3.10488,181.56 Mh/s
0x1cc74bf0730786d88529e077196da9096e805248,0.25078,129.00 Mh/s
0x4b0f183f6be19e819d82c6bc1addf629bcbcb0f9,0.15027,0.00 h/s
0x15e23856b8e11495e8f096e2184eaacb3d1ef0c1,24.96034,893.44 Mh/s
0x8709d47cf13b50347772011807c2bffc0d7872e1,3.73587,248.44 Mh/s
0x6da814a1aee7c8388f670998a09d14a2139bc244,2.72351,210.22 Mh/s
0xe3f2614e59e8ca6e6e80f701688cc051800c8e67,2.69019,234.11 Mh/s
0xba404bd91986a90fbefefcf84886d7f6deedd3fa,3.37685,14.33 Mh/s
0x00482aca21809ef72da98007161de52e9cce5a8a,0.80500,109.89 Mh/s
0x65603c90160ed7aaa2279778b28ccd8e1fe24870,0.10023,138.56 Mh/s
0x7c0c2f845119dc9048ed86746de9fa686534f2f4,20.78504,645.00 Mh/s
0x2dd837f6759efa7b4bcac5976ef0b9120878b575,0.80231,47.78 Mh/s
0x695f2c83530af4fe87c6c6708aa4bc2167041bf1,4.83962,172.00 Mh/s
0xe96f0864127d5972af958cbef3f3e445e5846ccd,0.90525,167.22 Mh/s
0x4c7de7ecc55a9e47d5c31dab466c187f8bb98d2b,4.82273,200.67 Mh/s
0x060754a7c40399b25f2e7e6e60064cf2d3c4d5f7,9.12296,286.67 Mh/s
0x515d882a9e4b20195f89c1878371ab3d05e85658,1.36056,152.89 Mh/s
0x6cee5c3905b4334a835707bb9deb2b8547a142f5,2.45480,86.00 Mh/s
0x308257f4741a10ca202aebe293adbf1b519f89ec,1.36197,262.78 Mh/s
0x8104aaf9484d022861da254342076788e41543bd,3.86910,305.78 Mh/s
0xed9b19b35ee9deb63bdce7e06f987992a0017c40,0.55086,19.11 Mh/s
0x1d75c2081b6de4f2d5178461266f7ba0cad00992,19.61496,1.37 Gh/s
0xf49ba4eb42a48c51a6dbf56a31821613b173c5ab,10.47483,1.29 Gh/s
0x304ebe2ecc6b712a0c8dee3d7073d309a06c87d4,6.27291,358.33 Mh/s
0xcc07b56b683c107ac3d4749a9675682708680784,0.80516,133.78 Mh/s
0x6e09975015acecd312485a66d314986c43bde827,41.33572,4.00 Gh/s
0x7ce24d9d9c0ad6f1455d4e73ad2e1bee2518d06e,0.25233,133.78 Mh/s
0x586398f686571ce5fdc4872623189e968ca88c1f,89.01920,210.22 Mh/s
0x3693dbc8d3ded4643f52cb14168c52f0fd6d74eb,4.58784,277.11 Mh/s
0x7bdd7ef9a6abad6948b5a3853a93c9b542a0caa5,2.54270,90.78 Mh/s
0x1e66381c8737896c3cad575a348c08e2355cf1cb,6.25800,243.67 Mh/s
0x3470763b1d808c8e247ea5f1d05c889fc8562678,0.55163,33.44 Mh/s
0x34e8f76ef28edc00725060adb6e71d2762284aad,3.73438,66.89 Mh/s
0x73771227d8c2d31c46699d460c9e2f52a21038ad,1.00528,114.67 Mh/s
0x6a34161ba6dc9be11ef6a1b23a48aabe1a9fc69e,0.80191,66.89 Mh/s
0xe6e7a684ef8f2a6f1cd372d4e33a11962b134c25,23.33760,573.33 Mh/s
0xfd72a324ff25e9d08a084f22649eb0ed9b848f7b,0.55622,23.89 Mh/s
0x77276c7eac74e2f3cd077b6aa016be5939c98398,5.50572,1.37 Gh/s
0x0277ef415727fe71da00df89435b381dff414753,2.66799,100.33 Mh/s
0xa2799df05cc9e30bbbe213971a5e91fdd104c912,0.82870,23.89 Mh/s
0xda62b60d4d2fc2ae5b42583dc1b2bac466a39d1d,2.06085,90.78 Mh/s
0xab9e392fdccb563be01532d0fc178c63f6f0d432,4.13081,315.33 Mh/s
0xfe84549a9f0287311375083545ea1aebb5f10501,3.53825,348.78 Mh/s
0x7fa4141748926f03c6d8518d931e2616e3cbbf0a,48.99134,984.22 Mh/s
0xdcf1967a61bde1a4a90b170dd9d903acd7afc7e4,20.87705,702.33 Mh/s
0x3bbfd19035f09fc1f5b214a3971e194cb065b2e1,3.89511,0.00 h/s
0x1f9a264a95c6f23e8a7e686bd8575bc25c7448cf,4.91596,157.67 Mh/s
0xd8838d602ea4bc6fcbc39e5b0210e8c62d7a7668,2.18537,138.56 Mh/s
0x98facb9136e9b16125bd18001e9b660f91bc131a,3.99751,114.67 Mh/s
0x15b7424b4532f271456f2c37843bdcf01daf479a,0.95736,200.67 Mh/s
0x0b0081c26d8a94bc27e33266dc27d6e78f2e4f90,1.20932,148.11 Mh/s
0x305b1b803b498bd736b431545a6c99248e97521d,0.65464,200.67 Mh/s
0x8025ecfbde5355adf3ebb152268726010e42fb06,0.20323,1.14 Gh/s
0x3068dbb116330e31d4f3c95322d2720b4f033a51,2.86326,191.11 Mh/s
0xd01c3e6190ce0c47b47b97544baed51c80c9dc20,0.27106,4.78 Mh/s
0x95c2e2f7d94d08862cb535aa6e1a501bec02f595,6.31760,253.22 Mh/s
0xbe7da2e56d2139d871a65f9dc54ccc2bf718f052,4.29240,215.00 Mh/s
0xdb8522de3d2890e7065cd698b13c4e47c5e6eb31,0.35035,19.11 Mh/s
0xc6d58b776467dc19552958ba7e6fb37c3c32e0d7,1.24100,52.56 Mh/s
0x92a88cdeea6f0972fc159290fe2c605003693f02,0.80316,52.56 Mh/s
0xaa992d67c14063cff9ec5d9e15904028bc3cbfa3,2.12199,229.33 Mh/s
0x0d2d72df69fbe1b71c15d65a72501d097d6331de,0.00000,0.00000
0x71d8759bf1c0ed751d2970d5bd68262a604fceef,0,86.00 Mh/s
0x6559d0f9624209452b5bf83e0243a36e7ac91a2f,15.19111,960.33 Mh/s
0xd3da228fd55a58db1d9908e7c1a248a9af696753,1.08851,4.78 Mh/s
0xbebe97abfe7da25421b1a3ea1673c72f8344dea0,1.71084,172.00 Mh/s
0x042cb2cecbccf4120b7151138cf010c0572f6dce,0.50248,114.67 Mh/s
0x450c4168f39805f1d5d46388f0dd38e1bc51ac95,4.08241,186.33 Mh/s
0x40004cc46ec2a4138965b9cf1848ca3a798b3510,1.61765,100.33 Mh/s
0x54194e5e2b4bfce81e5d386e9d9bf7c2e91cd28b,0,14.33 Mh/s
0xbc0993f72a84382bcef691331f070984eb37b523,24.95137,2.31 Gh/s
0x8dc204cf02504092f66c76480df23fe92af37ffa,4.88929,200.67 Mh/s
0xc78a6669cd8189b27ff2f8281cc9a2328f52f1b8,8.41941,372.67 Mh/s
0x359d01af789cfc57907e838724e796cbd486ba10,478.56329,29.69 Gh/s
0xd71fa3e7873f2b5317d3fd687a4667cf1dbf29d2,0.87258,1.09 Gh/s
0x61c71eede6f99b6ecbb88732a985017fc9025865,1.30643,0.00 h/s
0xd455c418549fc868c3ab88d5f3570dedd4ad2b1d,12.05480,487.33 Mh/s
0x58c8846fcf38c703ff2673ad30565fd4e3182dda,3.68743,219.78 Mh/s
0x0e26eccbb4cd1381784e95bfb082c41bb3643b38,0.00000,0.00000
0x7f83893a617635c6223b2dd4d9224e7482687c7a,0.00000,0.00000
0xac25adb70e481a04125c355e949d79bcdc49d61f,0.00000,0.00000
0x68544b001d9309d3128bf9a9b13a2baf84f999d7,0.00000,124.22 Mh/s
0xa037758dc0c7b94809ee9c2d20b289ead1a09bc7,0.00000,0.00000
0xceb309ce43f5c1dcdd6dbeab686755d44e93feee,6.91873,281.89 Mh/s
0xedaf727f3e07ce411cba610c3c199b65cc2c3173,0.00000,0.00000
0x02115b738002f211640d77dfba92d71f56bdad14,0.80164,28.67 Mh/s
0xcaec8ef26e2f799ccfbeb0cb54dbfb9e0967d1ff,1.47832,19.11 Mh/s
0x9a25d22b603f0488691d89490bd1165df133c85d,4.43920,219.78 Mh/s
0x10d1c5d5e8a0273d00f82da6903e81590b78ed28,5.27981,324.89 Mh/s
0xb09f40b19bd33900c7090e6af454b643bb224001,2.06006,81.22 Mh/s
0x9fbf23aad5b52774879f3d92da2466c3f01d9b90,0.00000,0.00000
0x3805ea545b204eda44b79acb0311f969a66c8e4b,2.90607,487.33 Mh/s
0xbd70c3c95c99860b9f4437902feacc8a015d3351,0.00000,0.00000
0xbc69d56b254c4c0a6bda518d1fa92d0b4c90b52c,0.45099,47.78 Mh/s
0x61cf40d138cba687730a1fcd2f17833f4f20711b,0.55218,71.67 Mh/s
0x6a7d65af7ffb6feb4c4f543c891b7fd74b7e5ab9,0.00000,0.00000
0xbc312385962238d56f2ab428775d208c5873e498,0.00000,0.00000
0x89515c4f09e258a6eb4e5c9b63233e318492a7bf,0.00000,109.89 Mh/s
0xb54114e31b0aee7d62476511bd805644c92f7587,7.59958,324.89 Mh/s
0x4b51337524d2b4da7dce99a5c17ebe3bdd07d74c,0.96577,344.00 Mh/s
0x96adfca55ded73b3c2de59c97661b105429e6f3b,85.45968,2.20 Gh/s
0xc6b95f873d4b3892339327477f1cccaed643e7be,0.00000,0.00000
0xc99037a7e10dc2dbbd9950846b6adcc22ffeb432,7.31416,172.00 Mh/s
0x46a9cfaf40f36c0b6a7e5c7fc54d0c8fb7ccbcde,1.05493,57.33 Mh/s
0x6f7fe50d8df5ddf8cc9bf0d1ae6cb8a6b1704f41,0.90549,119.44 Mh/s
0x025930e25b982a5fbb30db2d52f12e4117ceb78c,1.96490,148.11 Mh/s
0x61dcf83b375ffda44f91d51569b3b8695f860a2c,0.75361,76.44 Mh/s
0x0e01fd6280b006835c380d80eb146281124715aa,2.73994,14.33 Mh/s
0xb587eba335683d615e89eee72e5f91f8623aafd2,0.00000,0.00000
0x4e4d26deda434f064f9e657bd7a82c0ce3c04d73,0.00000,0.00000
0xd5725094b1e9e775c61d4293e5f34bb564291d3a,0.00000,0.00000
0xde92d41de1c895c1ecfa54d8af36a1ac5cec25ea,0.00000,0.00000
0x6351ef7093b9f261665026d6a28b976dc09d3e11,3.85360,181.56 Mh/s
0x39e7a0bd6ca0497ff911252d9dad3b80f183d12f,0.00000,0.00000
0x724efa5468be9b4c85f61f4b36fc640a21aec695,0.00000,0.00000
0xc120b67c0cc60552a96453657e503077eca6c73a,0,0.00 h/s
0x81fe3884b04fd261802bfe14f6131b01710868c1,9.24107,315.33 Mh/s
0x9d6d5b4f7e0094836fe7480db953627e5af9017e,2.55367,324.89 Mh/s
0x134d9e64813e8163c7378991ad01aa51e98eff9d,109.57350,3.18 Gh/s
0xb0cea2fa8e63d9888031ea4cccfa42b59a053b17,0.40047,33.44 Mh/s
0x5f4bbc8c6260dbdf951f9201703eb16c617a1c8a,13.20393,836.11 Mh/s
0x3b3d5d73b0d7c49f5b67681f619a162725b1b1b2,0.00000,358.33 Mh/s
0xe0c57a86d8fe99aa4845d25b36d3714f8705a605,0.00000,0.00000
0xc0e8631d45fee1f4dab5fd6ef8503efac8c9e0a2,28.94848,62.11 Mh/s
0x1090edb77a3698cb2704646d3bd307d5e0721916,24.53108,993.78 Mh/s
0xd759d3a3f7d14740bb3813d235a45040a33c5915,0.00000,0.00000
0x13f6b1467bc03f9a815c5b2a2f5d40d97efd56d7,3.37016,86.00 Mh/s
0x688dcfa2cbb4bb9d01ce46fddcafafd68fc2d20d,2.47934,219.78 Mh/s
0x73202cb043447d12433ae039b9c636be3ed3b9dd,25.57894,2.97 Gh/s
0x0a86bb846d2b54e3a541dd6be855e5d13e42f227,20.68734,888.67 Mh/s
0x459caf3ee7f8882de0b292b849bc420c7c16c8ff,7.67317,172.00 Mh/s
0x971940c8fbe47133aea74b8b00aa1d071624d3cc,0.00000,0.00000
0x7bce8bb51e2525c7120955d7f728c328219403c2,1.92059,90.78 Mh/s
0xb1be466bd8e5d8f55376958fee7cf424a1b955a4,3.23307,229.33 Mh/s
0xcd2ce33afd8c3120f06a282da8a8713fbd638192,0.05000,28.67 Mh/s
0x6335dde15073383771629f26f7bdd291cb2b4e18,0.15011,66.89 Mh/s
0x96d7b0b4fb32db998d94cc980926d0210e261c9e,3.85620,0.00 h/s
0xe4d12d3fe2488760fad6a34a8c0652a0f09abbfd,0.30309,559.00 Mh/s
0xad4eb192c503b2b4ac43610ec92e52c6cdf0c941,0.40077,62.11 Mh/s
0x41c3738ae9eee5168f381678c7b10262e81b3541,8.97742,1.25 Gh/s
0x71aa65b11a209355e6591185d857db3e5436c054,7.65698,267.56 Mh/s
0x87e91e2e7dfbdccbc1ce00ab0447f0e9b6a65304,0.45303,124.22 Mh/s
0x2b3a6b02db201d537d7d398352d08dc8ac92df3e,3.62241,124.22 Mh/s
0x382f5b8351fc1799d4c2d1b00dccc96844798759,0.00000,0.00000
0x31bc9db70961a50114debd8fd560105ddcde93da,0,86.00 Mh/s
0xb705c0a87131cbd8613e9f431dc0d3e159315c5b,0.00000,0.00000
0x28ad9408ed2c737ee58ffd2a9e5dd862ed5edb13,0.00000,0.00000
0xc3a612605a03c7b8aaea1ba5b6ccb16fdb902627,10.72890,797.89 Mh/s
0x6625c125c0fc4eefce0b1dde2ae9c9ae7fdb1514,3.22228,200.67 Mh/s
0x549c50735b53643a7476f7e80e7af81c69c53756,1.56760,100.33 Mh/s
0x613e7e7636c6b7915c337cd31412e5ee9a0bea1c,5.40903,281.89 Mh/s
0xab92c08fa2e345d87ab540d1aba33f4b56d588d0,0.35202,86.00 Mh/s
0x3cfa0796268dbe80f5a3b240cb566e649cd645fc,3.57885,90.78 Mh/s
0x65ee4c42c0aa9d676d160fff0cd41ed59d51ee47,4.94945,253.22 Mh/s
0x1b507c628b017c3986bed8900e0dacbf72c0bed5,1.30979,14.33 Mh/s
0x94a67541af301b7f885d549d78225cfb79b76ced,0.85328,0.00 h/s
0x7de0e1e0bfa709cc59673538749e2983707bbbd2,1.61403,229.33 Mh/s
0x9fd04b3f9d678b8fb34d40b90fb7d0c069ff59fc,0.00000,0.00000
0xac67f64480b8c62cd7b3554c2fef02831e2d85f6,1.00518,86.00 Mh/s
0x11904f1e08e81993d5cd3f71959f9def902b2c58,1.16607,410.89 Mh/s
0xdada1a2bda9f8d4969736077619a4d18f1964447,2.04091,133.78 Mh/s
0xc5ac6eb92ccb834ed3801c505cdd79e684decd50,23.58244,506.44 Mh/s
0xdc2f09954c1bc7255ad021189e4b1a03419b9b3c,0.75120,33.44 Mh/s
0x2ac02167c1c45d661a031076e5e44491416fd09f,2.47295,157.67 Mh/s
0xa4a9491e06bb9a646c82f2c40c318afd241239be,5.28724,157.67 Mh/s
0xef58550450a83f84e49ea2781f86544de7c35364,20.03567,955.56 Mh/s
0x4a731580139cb96676ffe363825c3aa3781e016d,0.00000,0.00000
0x4b7a7d8f558772b1567fff014e3af89e49e7bf9f,0.35125,90.78 Mh/s
0xcf51dcd736b03234eff5b81d3cb7931cc7d73f0c,8.70575,229.33 Mh/s
0xa775064e645d9442b7a812d5080144fd99d5c62f,0.20199,210.22 Mh/s
0xb670a191272d09aaf81de02fd5b5c900a6b774ce,1.10401,52.56 Mh/s
0x5202706dc13f60be6d6f9ffb8ac768eb794f4fc9,16.95547,1.05 Gh/s
0xbc69dc14f623b2ea465167c78936604638b16709,0.70175,66.89 Mh/s
0xa61025224dbb8d8452fea68d37636b3dbd1d1f4d,4.77719,238.89 Mh/s
0xcc816ee25dac47da61ae936392e2a2742ac90818,1.36707,248.44 Mh/s
0x3fc739835349e030ac667367910ed60d2e22a422,5.24047,1.27 Gh/s
0x621eb6134ea66bcf67482b55ae0504dc89bd8456,0.00000,0.00000
0x6c1a0012a1dfb8b65b481c3e397b52169e11fb21,0.00000,0.00000
0xe1d63bb49e3e11cacab1b6effb1ee6279ff6392e,0.00000,559.00 Mh/s
0x6edc1038c438b7653a378479061cfa5d3b7d7e10,13.49554,473.00 Mh/s
0x343a09be1bc032b81c96616ede5d69e6fa73129a,19.02903,582.89 Mh/s
0xded7fc2eae2ffaf022ccf031cf004cdc0db53bde,28.83785,1.93 Gh/s
0xeb81ff2d3f320c1941ae3fe9553653c9c94ecfea,2.16584,76.44 Mh/s
0x10f872ed100936d6c186bd6a29fa71e1320a279a,0.00000,186.33 Mh/s
0xaac877057849986bb4c850ec89e8aefadfa40213,4.32139,401.33 Mh/s
0x9133e158769861802de99638a39e6389e5c258ee,0.75364,191.11 Mh/s
0x56fd3e7cd691ce675e2c90576712c86ee496b51f,9.18989,344.00 Mh/s
0x6d64e7071fa3816d81cd4dba46db9a06f0a838f1,5.26994,310.56 Mh/s
0xad30f5de0c9becbffb11cdc756166974f7f1b1aa,0.00000,0.00000
0xec9a0323df0f49cc853434ff364c738b6ca82c11,4.50284,191.11 Mh/s
0xb0556023de83f901fa9f55fe015430f0c1a78feb,0.50370,172.00 Mh/s
0x9927bb56e9a4e1b4aaebcd88241cf2191408b6ca,0.00000,195.89 Mh/s
0x1afd1c640fe9f77f1cccd9f44373248e714b5fc5,4.34164,200.67 Mh/s
0x91d721854ccc19605a972d46b63439fd191f0798,0.40503,0.00 h/s
0xcef630261b127029afb9d0f1a2b57dfe81ba360d,5.65193,262.78 Mh/s
0x1e4c1b6a0e9985036c4c4b0fd36e52c134923b3b,2.21678,172.00 Mh/s
0x5a51b056c7594d062d9301ee5b58ea0740691365,28.86924,1.44 Gh/s
0x72e0d783a493b57550d0acd6385cc9bb0d7426a3,0.25213,305.78 Mh/s
0xec88a38cd1d1d241cbfe4a985ad1a2bf1a8180b6,5.18595,262.78 Mh/s
0x769d1159352a06b4e662579e683ba2d2f65b4800,0.35025,9.56 Mh/s
0x2ad9fb6d51a6082f5cba93f52002d5f479613bd0,2.51615,167.22 Mh/s
0xf42606a9d03a39029af129d2fad658b930b7ccdb,3.73713,191.11 Mh/s
0x5f68a24c7eb4117667737b33393fb3c2148a53b6,0.86520,592.44 Mh/s
0x30515c36e2f7776d9a5e6c4ed3112507f583521d,23.36730,993.78 Mh/s
0x1ddc9b0bf11de8f6c672c7f70c91ac13f5330c6f,3.77394,200.67 Mh/s
0xee21a8e96076492dafc908a008aaa79667dc954f,2.08244,138.56 Mh/s
0xab6746d8550d81fb28ff41db46664083189cd5d5,0,9.56 Mh/s
0x4e4ee2dc25811b252d73dc3436703b4a3591dd11,4.13054,234.11 Mh/s
0xb554315743167136847f59d0e5dad7149ef9e588,0.24131,9.56 Mh/s
0xe496456bb9b23473704068202a0c4633b3084d7f,2.54763,0.00 h/s
0xb80caf51d39b8d67f7c8ced109f10a52157289a2,0.42042,19.11 Mh/s
0xc20398f4de91e67624d24e661376bd55e5b65a4d,0.30038,23.89 Mh/s
0x5b30b3d89f373e429f4c154b4d565aca760daca7,1.15993,372.67 Mh/s
0x0f8c6d0e669e00f0491e8e1a985786be1648d5df,9.47902,353.56 Mh/s
0x40ff320a75bd82f83c58045e0d4163734bbdfbda,0.00000,0.00000
0xa274329f57e7c59bb832d8fb168b54d82a174c36,18.77229,936.44 Mh/s
0x3cbc63258731406c67a19fb30de07005bf9072f6,0.00000,0.00000
0xa3dcf8a07ae7d43b7917e263108858f03f5f8c19,0.00000,0.00000
0x3fa0354f8b2da1d67871bee48de7b084736518bb,0.00000,0.00000
0x75d5e8946f83704498015be3cf0fb5f247b8006f,0.00000,0.00000
0xcda98e7ee4f43235755c30e2d7ffc611f445a2f8,0.00000,0.00000
0xafc4141e1d80383e4aec942b7f63c3de74abf6f6,0.00000,0.00000
0x41964c77329682a5297027642f979f4525b6c922,0.40115,114.67 Mh/s
0x4dc8d0e32a9ae2711bb8c67aa137821b506dae42,7.26791,148.11 Mh/s
0x46187c8220bd4a30d0f9850621cbb8fb5fcb3c2e,0.61037,621.11 Mh/s
0xba04bd8818fc9d75bdfc9f965d69a28778bce27d,0.00000,0.00000
0x214e7c83d6bcc31187f9017a41af76ce74e19a68,0.00000,0.00000
0xbcaea61ba20d576795389224ef03d8691cb638ba,0.00000,0.00000
0x7dd3ae3aa4b1d9439ca3b74c68426eea41e7fa54,1.15709,195.89 Mh/s
0x6caebd3f71b365b9c90efa7b14a89cb06c67576f,356.43151,0.00 h/s
0x8135164bfb233620f99ef23511c919f0910de000,0.15316,602.00 Mh/s
0x055562321c7187993c53f3c90f3c2ca0cd3bf890,0.00000,0.00000
0x960792f140e780cf04078059b60c4c83738f61a4,0.90403,66.89 Mh/s
0x72e5dc88f38092aa611fc9d63a9321d65c8b2eaf,0.00000,0.00000
0xcd95452c7ff64a1dc27e77ad6e01116ff9bffb77,3.73846,176.78 Mh/s
0xcd9a9da5e18b7a715030fbdbf834b27c07e2918c,2.74932,105.11 Mh/s
0xa3f38ab2f963ec9bf76bbfb1fe7eeb6b399147a8,0.85676,172.00 Mh/s
0xc1b0571bb96f5652c6408ab3fcd84b6d6b17f0b2,5.25859,181.56 Mh/s
0x685726e00cd2af3efb9603739c69a251a7b72f3c,0.97955,47.78 Mh/s
0xc8e485d00f07baa1a5702dd5eecb4b94206220a0,0.00000,0.00000
0x9810cddf513f560ef74505c186d202a2031680cf,1.21268,76.44 Mh/s
0x93db459fc9a23a59fbc77afeec2fc5a01acf7305,5.61343,229.33 Mh/s
0xf787d7cae300a55ce5741920e85c6a58321215b8,0.00000,0.00000
0xb6e45c9b21191d25460630aee3fde6073283a6bc,0.00000,0.00000
0xba1223912a89d73a5281066a37bfd40395789d61,10.76761,836.11 Mh/s
0x3e19e73c0269cca9286fb6354ccebccc53548ce4,4.59581,277.11 Mh/s
0x88cbc70c2c8e7e6377918a7f1ab49b18d94c2dca,0.15013,47.78 Mh/s
0xf3332fad770c7f5de57a1504b647f5cf9a79d59b,3.47601,0.00 h/s
0xf6e43a6b51a57bc225c3a7b202dd13859e3340f3,0.30094,76.44 Mh/s
0xf354bf4afdf2d6994b45c3c52973181d47c92568,0.00000,129.00 Mh/s
0x285f9ed0c08b5fcca928eacfface3dc2b7e01af3,10.17714,563.54 Mh/s
0x3a7f1d1b3dbc8639ef30cbd2e7ebbf6a6dabc198,0.45214,195.89 Mh/s
0x5911fec5886c5e011ee1be969e03f79b4fe7e7ba,0.00000,0.00000
0xd2547e1bd8f0a476785b201717eb80ade51744f4,0.75896,320.11 Mh/s
0xe948de82dabe5499b80de715f884ec237c72cd87,0.00000,0.00000
0x1c239f16a686d98399bc1d8324ed6207b689cf89,2.63334,367.89 Mh/s
0x707aa00de65304f1b791c14dacc20a732d6089db,0.45246,176.78 Mh/s
0x0c86e2dab49421f1ab212266ce1f97513c74df23,0.00000,0.00000
0xad3e8a0a9740df5e7cd37c01205ce408dec0415d,9.26471,215.00 Mh/s
0x64844441a0d3a22bc33c80f510903b49ea427dbc,0.00000,52.56 Mh/s
0x56114674ad82d1868d286388d0dfd1e35008318c,0.00000,0.00000
0xb630649529b9d7c7ff3f3aa50d9606d8702693b3,0.00000,0.00000
0x0b289aa101f63ef9d00be7a1f1e17d23a1608c3c,0.00000,0.00000
0x2043f4e05fbe298bc37a3e064b07d7a157b43c92,8.66734,339.22 Mh/s
0xd1b500f2a3756a29ab4990a65bdb964a05feb3bb,0.00000,0.00000
0x31457ea574a5cf5167e30275bb57dc31e52c8305,0.00000,0.00000
0x7ae31b288e52b3c6f7a678e84d0bc76754f9d509,9.16082,253.22 Mh/s
0x1ff9e1818688daf19c673b7e29f6acead7e987a9,0.00000,0.00000
0x54bd573437f4e3abb0563a222ec05196512f5384,0.60113,52.56 Mh/s
0xa08f68470f5e98240094d9316cda169407fc6f87,9.60042,482.56 Mh/s
0x79103ee636b3f5e80fc250547ede50b6f16ffd63,0.00000,0.00000
0x39cf9ca8e04c375a997ec05c7f0f9f4b3d27f197,2.95484,506.44 Mh/s
0x33b319f55bd2382536a3b9ad59ae6c07c1a79fde,0.00000,119.44 Mh/s
0xfb75f780c51f2a23001384fdb2b9c317ecd0247d,6.90121,1.11 Gh/s
0x8b96828e554fb9a72cc99be7898f0b2592050b97,0.15056,9.56 Mh/s
0x809bf9405f4a67114b5535696c3b528e46b9e113,0.00000,0.00000
0xa30c908939351ba00d337d1d5f33b1f8a584c851,5.82524,1.49 Gh/s
0xe0d5973d58523856c0197f7c48d3088101a8b818,0.00000,0.00000
0x8a63e0d0b10befb935c8a624b14b2b324d715d00,7.49983,587.67 Mh/s
0x3c478e45843428deb8b08db5aa431c139338a839,2.06277,124.22 Mh/s
0xfaec0ab02d5e56fcd800f5ad7f4cdcead7589313,0.00000,0.00000
0x405a984f294292ba09a35c740a269bed59cc95cc,2.74333,0.00 h/s
0x49a64deaa9f381f33e2f6e799316e4189246a8c7,0.84080,14.33 Mh/s
0x90a3277b9d39bba4a4b6f2f8d4aaf2f7377e6fd0,0.00000,0.00000
0x11bc4233e44e270f51ddd372471e251552f8b593,0.00000,0.00000
0x434d0bec9cb00476884ae51576ef5dc14b35e86a,6.83947,243.67 Mh/s
0x23600abed759cedca1a4150f2e8b4343c9ac7315,3.34689,181.56 Mh/s
0xad3569b2bc084ce7d55399103ca9d6b0a6771ab0,0.00000,0.00000
0x6c46f1c8b982dd38b92f07319b616e3dd43ffa90,3.44069,100.33 Mh/s
0xb199c4c1b2861e139390daacb865dfda967845b0,4.61297,520.78 Mh/s
0x70fa8e5d2820fb9df80193889a146d77b1ffd613,0.00000,0.00000
0x97f879206bf124b0d2494214214c3568fe728830,0.00000,0.00000
0x9de8f4fd550b408e952ae31a69ff03aa76f662be,0.00000,229.33 Mh/s
0xd4f650f227b988a6dddd77bc82aa53f92d0bcd2c,2.77287,0.00 h/s
0x2f936d2c07523b9ea0befffab451399ece62968c,0.00000,673.67 Mh/s
0xa4476344c0526030153702fd5c12a69820e54168,0.30310,468.22 Mh/s
0x5521677480e948d872ad82b180731f809fd4b0e8,14.61121,224.56 Mh/s
0x70ed162b8c66b3ca235479fd30cb01537ec49ebe,7.47137,286.67 Mh/s
0x3e277b6949c705aeda874a13dae3d74a6e77012d,0.75302,172.00 Mh/s
0xcec454d2cdb3d0327b96d76158ba7bbd5688e186,3.13517,62.11 Mh/s
0x7f151fafb696dfb78b78eecdf0b3afa6a26114ba,1.57710,148.11 Mh/s
0xe8d78650befece629eb5d741855273441d8956e1,0.00000,124.22 Mh/s
0xf58a0a68fe70565869b7f03850cdd828d083f581,2.02147,100.33 Mh/s
0x54b8f677fa8a3b6c0aeb93e49588f16f0ae0c4f2,0.00000,0.00000
0x8165dd89863a13ffac59a6b89ffc0b645b260f4b,0.00000,0.00000
0x9ff3387f64e3b324da18a776ccae74d73758faa2,0.00000,0.00000
0x35887107b1ed42a39b3c0d91982c6b8df755da2e,3.12387,559.00 Mh/s
0x81e07ee2fa1588e8e864742a131e414d93a1a455,0.90500,143.33 Mh/s
0xabee821c2050f1086bb57249ee7c6cb1745f0b9f,0.00000,0.00000
0x1ade875336547571160f1f0eb6a36fcd8fe1d110,2.21443,71.67 Mh/s
0x964a88d05b2f4905bd98332302b35bad1f87fbcc,0,1.58 Gh/s
0xa8e219481cf280874a51a7e81f2b34279199a34b,0.00000,0.00000
0xb0e057f8a20ce0545c15003bd2eadacb73abc839,1.00487,52.56 Mh/s
0x05b1a946f99689943066099f4ae9b207881d8a27,6.57349,148.11 Mh/s
0xba936db95ad70e782c2943d74bc56412047001cf,0.00000,0.00000
0xa8b4a63377cd24d7219f94e4d524327342ded256,57.41162,1.48 Gh/s
0xb69823186ecf5e31ac96b97ac89624f3d4cabece,0.00000,0.00000
0x4c021db2e9ea3f3246bbd95d7239ebf934dab55a,0.00000,0.00000
0xf7af821fa6c95662ff6d246e7e7a51b70e1ec1c3,0.00000,0.00000
0xf7d65d9d13542a3d3cdac1e13d1e92349ba20558,0.80279,62.11 Mh/s
0xf0a47fd5e3da09325e800d3877132063c7945339,0.00000,152.89 Mh/s
0x86d8202ef5d24afc40d2aa0e87230200bd5e8830,3.28666,66.89 Mh/s
0x21009d6d4663809cb988757dae0a8b92184f94af,0.00000,0.00000
0x80e1b7ff413da026dc03c98412e7e5e3c96fd3c9,3.15328,224.56 Mh/s
0x52cb6cf59e582c17f7ee4b160b61ea7ca3eef94a,17.38625,1.36 Gh/s
0x023f7687b03c83c9a72b53e53671eb54a72700bc,1.70792,23.89 Mh/s
0xfb62b989a9811cceb166981811fa6bafa5324e2c,2.27631,219.78 Mh/s
0xc24a66507bf9ea4150091f71878adaa14df273b6,0.10010,124.22 Mh/s
0x28226161f8a37e0e1f02690e6c4a8d9c3c85e1df,16.84456,592.44 Mh/s
0x1eef804d6e8185c9d0fe81b953cee577ed889cd7,1.51156,348.78 Mh/s
0x536ed70b755d988a3055af6a500b84450aae5d88,228.82061,301.00 Mh/s
0x7603fdff53e8a0bfe5dae9c4bbed55a43387f139,3.07890,176.78 Mh/s
0xdd4ad00f6b711cc50de39781fd55d367a9aa846e,0.00000,387.00 Mh/s
0x29d82936031cde3d6a16c48aaf60593f5f07aaf8,0.92285,224.56 Mh/s
0x1796293fd5852e0cf81e99de3f9bccc34bc712ab,0.00000,0.00000
0x6101793088eb1bd460931918c0c8645667d3f6a2,2.44089,124.22 Mh/s
0xd5244687a3b883e684eb547cb06a25ace19827be,0.00000,549.44 Mh/s
0xe9b1f4420e8084dacf08f1895694c45c5524584b,0.00000,28.67 Mh/s
0x1e7596aab1fcd6626d6e12e6fe28202afdabc8f9,0.00000,0.00000
0xdf2ca15fa0a9926778a0de55721ad4fb19f8c6b3,24.78032,2.35 Gh/s
0x49d262dc234609ab91a41ebc98ae806618861384,2.38532,382.22 Mh/s
0x9baa7a857f4a927e35032739c658855ee25071fb,0,66.89 Mh/s
0x26ebc695ae8bf2eeac2b8d7ac3345c22a839da3e,3.38535,148.11 Mh/s
0xa05de1190d606592f677866a0f8d6d69ad6cda88,0.00000,0.00000
0x110d1bd6db1272eb2be7c029e94efac53877c706,4.15240,152.89 Mh/s
0x572d11788712f2299214dead1f8306c0857031e1,0.00000,52.56 Mh/s
0x088411ec3609bdcc96a72925c9bab649cf255b3b,0.30339,181.56 Mh/s
0x637c661e38a684e95fb296ce6e676b71c1c9df00,0.00000,0.00000
0x3a6abb21335f6c732be47d8b03d6f119fbf0abb5,2.24850,176.78 Mh/s
0x663a5bab3bc6b216732ba6a1663130b1c712c3b4,0.00000,0.00000
0x11bd70a351ffe4e5518cf6c1d7c92402c81299c5,1.72582,62.11 Mh/s
0xe7a2500ea491c0bd308915e617fb052d69ba0530,0.25185,148.11 Mh/s
0x5016920e9c04442e7ef0194055ae6b10123b46ee,2.97668,200.67 Mh/s
0xbc20704b00101fb63e59fdd5fa18db14c9d76813,59.35853,3.87 Gh/s
0x738c60f14c392fc2a8d6007ed8e521c4a29a3705,2.28933,66.89 Mh/s
0x34f487b6f2b100244d02ad54526df027ffe76b77,0,9.56 Mh/s
0x926310eac76810f13f8473c5c1ad71b0104edc47,17.08454,711.89 Mh/s
0x502057e85cb6cb78b90ced7f588425b635db2189,0.00000,0.00000
0xe458b82d713e383cd0171ed26990eb477e2409c3,0.44331,86.00 Mh/s
0x741043167d20c6ca8628f4900587648241bf0f70,0.00000,0.00000
0x460494509843b4fef29a058cb02424c583d80a84,2.92651,215.00 Mh/s
0x24f16585bd6fbfde5c008f42d63d37e6b0a1fe32,0.00000,358.33 Mh/s
0xb991d02c2b165be1cc92caea95a0c639b185c536,0.00000,0.00000
0xddd369aa2151f956c18093c8336e402a54396a13,2.53410,305.78 Mh/s
0x35704825e30dd24531055282f1de6d5653e4d860,0.00000,0.00000
0x30de3d9ec9091e96969392a7a0ed794605da0021,4.92873,172.00 Mh/s
0x36a8b2f576d2bff66cef8ef08cbea486bdfa1529,0.05001,200.67 Mh/s
0xebdd47a5844336cae64682f99ae971c9641d04df,5.34083,248.44 Mh/s
0x35b185ce69f696257aae05daafe24ae01315c741,1.61084,52.56 Mh/s
0xa717384642e26616bf89ec98b497d33cdc393524,3.32931,1.45 Gh/s
0x15f0d272d442f11293678f022bd675e4f3c48d4d,0.00000,14.33 Mh/s
0x8a2d756027c47a3fa5c07d3705fcdbd8cae27dde,0.00000,0.00000
0xde8da709d75d234c58773e6b1f3d0d1c52eae737,0.00000,0.00000
0x62369b6bb369f6f993f5458eee12d7ffd3315ed1,0.00000,0.00000
0xde5fff34e83dae57f44ede1659528c776ced84e3,0.81107,19.11 Mh/s
0x25af7031c612ad845a3b54415932ff961cd19a21,12.36883,5.93 Gh/s
0x9a53f66c63812476faea5166fd29d83530e68e38,0.00000,0.00000
0x4ccaa06d369650eb091a1b89e10a907050206537,27.16198,993.78 Mh/s
0xbee70b60a2672c760756e6e7b1f5bc20f15932d0,1.41161,339.22 Mh/s
0x81e314fb591426b1b9f5d3d5d497d3d6e5c52aca,0.00000,0.00000
0x2c6a0449f52091a8eb1c604eb6c813a5a429614d,0.00000,0.00000
0xf54cb1b08bb939e652ca5e40158d43056eed1210,1.31199,215.00 Mh/s
0x9c9aea86f279ede1eb5e5b61867ba1abe68d0763,0.00000,0.00000
0xcd69683840aa9e270d9946bc702562fb89e32ea6,0.00000,0.00000
0x0172e58c6ec13a21e89d0b4b61b0c3006ec0204e,7.88052,559.00 Mh/s
0x1abd2107e0ca9e8781d84c79e6df38b425785c64,0.05001,23.89 Mh/s
0x9e52e81c411ad1b7f8a96990af9a86fd8acafc72,0.00000,0.00000
0x0b485d86d68089500a7f5c1663e58c391da05f10,0.00000,0.00000
0x68ec7f0d641714fc926899c96e8dd6c6cef3bfba,0.00000,0.00000
0xa68f02048f023b03bb621ece771d9e808669777f,10.11235,262.78 Mh/s
0xbd8cb3cc623c3449c6272d163ea33817fb4eec3e,4.29216,129.00 Mh/s
0xcb87527040b964bbe787ab89a38a7aced04f8fe5,0.00000,0.00000
0xe4fb956672edef4e3e2e419c343a05ce278a2710,0.00000,0.00000
0x80800113c24dd9ba51f5e6ca9d0201eefb3f697a,16.65684,387.00 Mh/s
0x4169fa0c32a1676ddd26f5be5d4d2f7d638f18db,0.00000,0.00000
0xc224038f1a4d58bcac3bf0695efcb2185f15bd6a,0.00000,0.00000
0x56b7e9a5e06e27fed970fa25822ea4a0692f9529,0.00000,0.00000
0x341e37131968e88813115ff55c1822659ef1d0d9,0.00000,0.00000
0xc50db7ba1bb8bdaa5764eb46c9bd658ceccbf2bb,0.00000,0.00000
0x71bee4a2185a83678e9256fa92cfbd4b23bd69ee,2.28230,516.00 Mh/s
0x090c2d39b9ebb5d4567e9ed34ddc9970757a6e78,0.00000,0.00000
0xe609a7423590d05d50602822eb9b83712cb6f96e,3.02350,267.56 Mh/s
0x7a521538a6a3de4f965fc081a04563ad989788c5,40.89736,1.10 Gh/s
0xcab0fafd0e7a6d115856ddc964726fda688005a6,0.00000,0.00000
0x9e7cba5ce4836c100901f38594613474aee731a4,0.00000,0.00000
0x4052c52638ec3206fdbd52c46b7510c62b91c37c,0.00000,0.00000
0xd8619cb5021a69e1216003c34398e13b98740377,0.50215,43.00 Mh/s
0xf2db9d5c476eb460a990987a486b19332ee585a5,11.29847,1.58 Gh/s
0xec78694ef8c4d30260c40409d9e4958d32c74c3d,3.86712,95.56 Mh/s
0x52de839dd49f996b95991b97a14239c5a6bafe66,0.00000,0.00000
0xe70b99ae8621ca8f13308a76a0bd2d790ffc71ff,0.00000,0.00000
0xf9992529fedb953f1f70d0ffd1dbfb61600f9184,0.00000,0.00000
0x6007df8f50479051aeb4eccfde0bd546cfff7540,0.10006,0.00 h/s
0x8e4873c3c0da02d4b2beda202ce302a87861d340,0.00000,0.00000
0x06d0617afd9754d1bbd39f009b5a3f55f86cdae1,0.15026,4.78 Mh/s
0xb9fdac76f059abf093945087a1113a7c46db7077,0.00000,0.00000
0x6f6c217b9565961803c05cc1538da93f966ab0e1,0.00000,0.00000
0x2c49681ba56fff01a112933417f599c6b5339165,9.65823,205.44 Mh/s
0x964a43223c1dd868721bc575ac58cdc37a33eaa6,0.00000,0.00000
0x6a163b028e80cb2f7535320f7cd96b592d3174af,0.00000,0.00000
0xcb63d87e0ecc954a98afe504b1e518eed07196ab,0.00000,0.00000
0x6a177944337be5f8e5068302adebca4ee401e39c,4.88427,119.44 Mh/s
0xdb26309139687bba8c67dac76cd45b583fd62ea7,1.81256,95.56 Mh/s
0xa3ca1871cd81266db95ef70b2b32ca8d43195adc,1.18043,568.56 Mh/s
0xa5ac0bbe168cff2020d35ef45c16b1112b06dfd1,1.87723,258.00 Mh/s
0xa882d0ccdc90be9ffc4f3543b0f2717c2bcf59dd,1.50912,86.00 Mh/s
0x517d74a21c7b1afcd3a6bf2154da5010617417fc,23.94041,1.16 Gh/s
0x573d2be1e6c3caf2a7df1e8639300cd5604e854c,0.00000,0.00000
0x79b7fed279937af654412498253e13d432a272ba,0.00000,0.00000
0x42666d5cfd24a6c62d30a178102eb51b0e6c799a,0.00000,0.00000
0x861f353badc25481ad1dfbc130e4ff7fee03f7c5,0.00000,0.00000
0x0113cefc18d8e1d2f644ae351b4f98f1198b251f,25.36888,2.01 Gh/s
0xc63744ec2c76c81e2b0a0ae4a6dc5e873beba162,0.00000,0.00000
0x31fb81ee08a55d7ea75856cac08a01ff257e4bab,0.00000,0.00000
0x6e74ab9283f58a18af124f2cb115af8690cc0f56,7.55464,797.89 Mh/s
0x65ff9ae8ccb01a4d0dde7d731fb97a0f4bc03d04,0.00000,0.00000
0x5ed7fd9acbd567276e4612543e52556106236cc4,0.00000,0.00000
0xcd072d1686734c1b6f22912f215d846fc76a1888,1.68098,367.89 Mh/s
0xe9dce4ff20622a32f70087ac9d21e7590926dd03,1.75578,14.33 Mh/s
0xdf4cc38947203839f956d8ca2d1a34b002da2775,0.00000,0.00000
0xc5c34ba78683bfa0f30f33830cb66e73f0f2f1ce,10.80648,267.56 Mh/s
0x90d7f721d25a7e997c8731c10dc023d30efec2cd,0.00000,0.00000
0x165bd852a837cce823922f593ba4deaf9605a2f4,0.86352,71.67 Mh/s
0xf31d554f1e61efb88149fbfa97991b79cfa865d2,5.99412,453.89 Mh/s
0x4d7dafb1ae803b45e9615334c1544013f2443257,0.73022,14.33 Mh/s
0x5ea80d4116aad999bd7adcfb4326b20884637391,18.14258,1.92 Gh/s
0x34b2aec16cd2ead37c73caca4f065a78b0a238d1,4.63346,105.11 Mh/s
0xbfa95326b32871d07a9721f616c52b844f6098fc,0.00000,0.00000
0x9eefd456049b7690afbefae17fb8901cad059dd4,0.00000,0.00000
0x1797533d84a1a9f17f7a8cf36b8eb1c1ccd21d68,2.15415,124.22 Mh/s
0x8f938ce1c4959aa77f895d39dae8206dc4300c0b,0.00000,0.00000
0x250078bf8512ae707e1e04287dbd39d4d85e286a,0.00000,0.00000
0x7c54150da975b4cd4443169292f0d7aa31341813,0.00000,0.00000
0x4cdecb7f40809670b27c65a086103b5e081a946d,6.33063,195.89 Mh/s
0xd5ad26dd3140c07f590eed22aee52bfde5ef145a,0.00000,0.00000
0x0d498ea2d640bb603176b010a68d770222e05d32,0.00000,0.00000
0x572bdd5f4fbcd321acfe0816da7b6b346f0de603,0.00000,0.00000
0xb18cb55722a1e45ed563b4060691756ac5d94836,1.74221,143.33 Mh/s
0x22ea53cf7a21576bb6f5a4512a1f1cc882fe7007,0.00000,0.00000
0xabd9b725a98ffb1447897d70364176fd18f3a730,0.00000,0.00000
0x54f7c239e5b9838a09eb4c7e64c05a05cac4ea48,0.00000,0.00000
0x9565499b6b153146834c5a81b8209d3007d99801,0.00000,0.00000
0x05b159af7ed790048fc5a5341b5950c94855da2c,0.00000,0.00000
0x12cf2c59c5069608ab39d6599f6d6f9ed172634a,3.24978,444.33 Mh/s
0x667f27f0f4b7b4f89b2ccf4b65f009d0bedc11b3,0.00000,0.00000
0x95da0c5fd6b694feff00b1b24ce55495e8edaa8f,0.00000,0.00000
0x12960c5b4f59069d2d25827d3d81e0b6209962e4,1.22823,38.22 Mh/s
0x27ce35f25bf0e46811f76b4f977cf1cdeb2176ef,1.85907,90.78 Mh/s
0x105d922b72dcc50d22e51365e4f03675f3259030,0.00000,0.00000
0x0c57f87a8a1fa045b978eb5ac0a5215acda23243,0.35140,215.00 Mh/s
0xa4f311bd3c8e217ae21fe30ff92147cd0befeef8,0.00000,0.00000
0x2ffba1aa99720331f043728b3f68212ad148ed6c,0.00000,0.00000
0x6b66a47b535f471cd6ae4b536affe7e5ea848e63,0.00000,0.00000
0x2994e186128d5fe8471496f09f0c3669b5103d4b,0.00000,0.00000
0x76b9403522eb3b05a454f8183bd87fe7375aa6f9,0.00000,0.00000
0x68108eebc0a91be1e8a4f532a59700401ffb0f23,0.00000,0.00000
0x9b2142a2716d55861f5a4fb3734222ca37ffddd9,0.00000,0.00000
0x6ffdfea5f90c9c19543f6f0c0ba633a4585bb834,0.35178,195.89 Mh/s
0xeb802952f10726c4abf644ada65a5d22c68c31b5,0.00000,0.00000
0xa95adf08676c561e4bb2c9986394d142fc9a4116,0.00000,0.00000
0x0fe7c0c7bd4ba1cb714c1b1d020f3cc60604b7e9,0.00000,0.00000
0x9d143cb41901970b130e22d9b7de0fc9840d5272,0.00000,0.00000
0x17f8c6507cb637c6a5ebf8d528e247d343f74dc0,0.00000,0.00000
0x86674e55f9f1b7a6ff83b3c97cf4e7c3904d8e09,0.00000,0.00000
0xad2e9c664519b9098daaee62b7b60c6adbc90820,0.00000,0.00000
0x24743bb5b6fb4a63cf0ee3001868fb190c0416a6,2.79373,86.00 Mh/s
0x85f6ff1a5e93709ac03d26365cf7c3936cc56a93,1.92668,71.67 Mh/s
0xf535087756666669c76e97562e9a3da66457e6b3,20.96213,979.44 Mh/s
0xcf8a5cf929d71d2a602cceffbec8817f400079b3,3.12704,162.44 Mh/s
0x730976bd077f9f7491e2287cd3c8391a3c38fb52,0.00000,0.00000
0xfa361a9fe4d74ad4c574efe4c91ea9cb6c37d832,0.00000,0.00000
0xe80c7f0a25540da3c27fc7bd789120784760aa61,4.51756,124.22 Mh/s
0x127be4a7707ee339fe4d2a32f0f7fc2a0b62ec8c,0.00000,0.00000
0x3de1584b5bc1f613ee74452cfbaf3fa9a2bc97d4,10.82248,406.11 Mh/s
0x985abf7e77e7a59dd04e9835bfb0da8c5172fa6f,0.00000,0.00000
0xc299eb3441b0aa31c6eae0fc62f48457ad17b54f,0.00000,0.00000
0x56089d6a2f4cca32ac08d094aae4b60b116920ba,0.00000,0.00000
0x93752d8c94dd408763bd6fe03ab7673999184469,0.00000,0.00000
0x177687ad9ac83a882037585b7e075731da2da517,13.98194,769.22 Mh/s
0x2ff99e6bd238634980d63be80a14ea458e02e77a,0.00000,0.00000
0x2a472b60430c34b014c5df0d931716e3fc175995,0.00000,81.22 Mh/s
0xde8613ed6fd565998e4609bc972eac6cc13afaaf,0.00000,0.00000
0x8996d8c4788378aef4e4765e535a0223d101ca31,0.00000,0.00000
0xea857de67f5a63184404b8ca3c618aa94813ebf3,0.00000,0.00000
0x8a2a2e1104c1751608de7bf4aebadd156b245df5,0.00000,0.00000
0x7955946525f00fefd14ad0f072ccb686438d3105,0.00000,0.00000
0x7717e925bf4e9941c01edd81e1a2812b8f3382c5,0.00000,0.00000
0x7ff5d19bf2a7577a795c6f7c0057889bf721c42f,0.00000,0.00000
0x7676f3da02d4d6f17e92553cfff0a511b36a58f3,0.00000,0.00000
0x5ee4e05212850414f237671badba7d1f2d523f90,0.00000,0.00000
0x206c1e4bb65472b356853f8b5f2d03c7618db21a,0.00000,0.00000
0xf68ba36196b99eb9cb4b3b84b72e9e16ca59a5d7,5.99836,492.11 Mh/s
0x6716a61cf16e7bbb5349b018998db5ffda498f59,0.00000,0.00000
0xad20f5f5f3d102ee6a9ca2a63e8aa59415bbb8b9,0.00000,0.00000
0xfe8dacaa5823ba2977590a62f9600db784493a04,2.72031,143.33 Mh/s
0xc1fbb26104c8209e12e13f4032e4b1310e783a36,0.05035,157.67 Mh/s
0xd6b78146cdb495dfad72cc33d4467eda4b18adca,0.00000,0.00000
0x2e06b3f81ba9245be83ebe775e4b50bb5fee4d35,0.00000,0.00000
0x5ccd7aec3f29278947f929ea0a9f25493eae02d5,0.00000,0.00000
0xabeebb2d4aff9083ef8da50fb7fdd77c9e409db1,0.00000,0.00000
0x5b88f87e682d38ea234f968c9f87f29e5323efcd,3.06646,90.78 Mh/s
0x2a4f6708fb04378b2a150875d3e5dbaefa995dfb,0.00000,0.00000
0xc098d9eda6189259ed2f3aad514d8773358fa58e,0.00000,0.00000
0x483c8aa504896e11180bd2ba1b14002f221db978,0.00000,0.00000
0xec9a20316d3b3ccd83a38c7b228aeb2f547fc0c3,0.00000,0.00000
0x7c767af217845d38649cbbf95d69f16b8fbe6c37,0.00000,0.00000
0x903d16102e5bb1c12c385a03edd7b57bc78bef67,0.00000,0.00000
0x7fda83b1612c9b87b6cdd602d36f4812a307839a,0.00000,0.00000
0x886810b9c062b0beb47d1587c9051d1d73b1d3f7,0.00000,0.00000
0xccd4205280ee65f58199347c99ba6b6bace8d17c,0.00000,0.00000
0xddede447a3dd464745d4da6f7fb269cccd7cfc8b,0.00000,0.00000
0x0e47cc5576be5b5f5d3376b9777e16ef5cd1a01d,0.00000,0.00000
0x53d7ddb6ae8e4aac36bedc11bf6481d233808295,0.00000,0.00000
0x740ac75d1d0c6eead15d2b2fcb927f74496458f3,8.57191,339.22 Mh/s
0xe0ce6a01ffc9cdb8ff59ec299ff926a04d8b7e9d,10.52060,516.00 Mh/s
0xf08e939b6ded4856a4c87c29a772c82c7c6c1096,0.00000,0.00000
0xd8728d73abbafd619c12d8874f132d4ebc9b802f,0.00000,0.00000
0x0e5a17cb37472a12270b5387a15f76201eea5a21,0.00000,0.00000
0x0a422c50b0c48b1ab6bb5b6fa90a5b0bb6b5b7a0,0.00000,0.00000
0x028a202b6e61444990e3e776a0b69b436346e6c3,0.00000,0.00000
0x84f3170eec9be6c5409331e8384cc1bb6f5d90e6,0.58243,33.44 Mh/s
0x6b53f26bf9a53cf4d96e905caf7dee779d856bf8,0.00000,0.00000
0x1d7def7532d7e1b87a13264a7a70847a5cda4b24,0.00000,0.00000
0xc1cbd344e5602a6b7f17a788140a067f39786bd9,1.81584,176.78 Mh/s
0x2de796fc2c6c6abca9b8ae99a9b773bc4ea001c8,0.00000,0.00000
0xb9cf2da90bdff1bc014720cc84f5ab99d7974eba,0.00000,0.00000
0x4f635177b43a3f8d424070fa6dd081c09383ba11,0.00000,0.00000
0x7509dfb8b33a236d98e1dc230a3d480bb0465533,0.00000,0.00000
0x10657e28815b1c0b95fea4fdbeaf9c35a50581f1,0.00000,0.00000
0x72d90900df25b9b31a05b333d476e2eb5ed411e3,0.00000,0.00000
0x6a2df4318de4018b18186b225f7c304c0800f723,0.00000,0.00000
0x251dfd984af5f95127f3555994c0acea9871cdd6,0.00000,0.00000
0xf414baba64d9632b06b767d7e90e4207a9c38c0c,0.00000,0.00000
0x9ad92fca5f24e76dee340d2fc40d425a43b08bc3,0.00000,0.00000
0x0614dd5b23acf2d5324a26150eead9f7a65542e5,3.15785,511.22 Mh/s
0x0638e54c385ead28aee3ac1a3d9515263be30959,0.00000,0.00000
0xcecd92429ee8a014d3db019df47f627e4aba5d14,2.19351,76.44 Mh/s
0x153edcc9aaa44d61e4677d1d0f0817ad10807417,0.00000,0.00000
0xf0ecb318f468b40e7c700473ffe96f332b76c0cf,0.00000,0.00000
0x778f5c410227067b9aa1652e4c02b5ae70313aba,0.00000,0.00000
0x3bb5725fbad397947db53aed31f54404123f2026,0.00000,0.00000
0xbb2be966c5b4d5e6c4f7486c979f666db6d5e897,2.52166,167.22 Mh/s
0xcb269d6bb18b1ce4481fd075504a36156d84a7d3,0.00000,0.00000
0x6d040ac8a3b2dc337f1eb2b5a431a0b3de723fef,3.12744,167.22 Mh/s
0x3626e4305bc5b7af1024ce98cf340792ab8026b4,0.00000,0.00000
0x50dec4d279567bfa824be6a626b515abd0fa263a,0.00000,0.00000
0x1bf9a30dd6320db512ec7a725914d416d0bbca3f,0.00000,0.00000
0xa07b53047df9715d70e6ab8b7f5c68169165b0eb,0.00000,0.00000
0xfcb6747faf51a707e7c0c4d7510bc38befaed264,0.00000,0.00000
0x77c9d3d4f0d626f1a939e706270dda09203f7dba,0.00000,0.00000
0x8d46c6d0deb7df43762dc6b2e4b72bdaf024ea85,0.00000,0.00000
0x321cff915bada4977ca353947ea994eeb8c4b114,0.00000,0.00000
0x3624fa1350322730602bfc687f03361503517dec,0.00000,0.00000
0xadd584049b5368f38c81f57f9eb4e44ea9e6b951,0.00000,0.00000
0xe2963351c82d6d046f23e9212899eb5ff2a8514b,0.00000,0.00000
0x61b4106a4169d94d6a9a0c266412245d3ce637d8,0.00000,0.00000
0x6c85ada94aa66f88040fbba2c59c1397714dc6b8,0.00000,0.00000
0x8b109c718b845d6ac2650d8ba5f80a6439db2cc2,0.00000,0.00000
0x5f488da7c53b0a4e48439d2dcc1e9d2c3a73a6ed,1.96927,181.56 Mh/s
0x6ba521ff57ec0c90857b04ae99091d7dbb38c911,4.38879,219.78 Mh/s
0xc18b8f6c5a9a53f11c8be60808f0b831b7625608,0.00000,0.00000
0xfff8bfc248d0236c2372c53756704552a5aff56d,17.45847,783.56 Mh/s
0x0d4e4f5dbc0b65c9129f6dfc1a79e1b33cf0b700,72.72596,4.56 Gh/s
0xd3faa517d78c95d113f7c53c87e2c6536fa028c8,1.76598,205.44 Mh/s
0x34e2b44be436754e5fa940f02739f2d2705af83b,0.10127,243.67 Mh/s
0x69a79caaddecef02bd7f860c97048d9aaefb59af,3.69109,286.67 Mh/s
0x2fd9e4baa0829b94b804b697dcb6d799d2666797,3.38407,262.78 Mh/s
0x63c56ee359723971e21fdaffdd6b4c115bedea51,5.38113,358.33 Mh/s
0x0c9c8fbb30e464b39b896a0ec3ed20308a3a3102,0.75535,157.67 Mh/s
0xddb36a9029b1dd0dffb649ff61fbe76b0d02468c,5.81048,296.22 Mh/s
0x2cda8719ed35fb566537664f46651f47cf9b107e,15.07370,1.46 Gh/s
0xb9459d1151319e78251741bb81a85eda70721705,15.52881,941.22 Mh/s
0xa3267779a489660bdec279edf11d892bbe8e31b5,2.90732,95.56 Mh/s
0x315af0d6f2352daf8dbb100706aa92c60e5c3d3f,0.25219,138.56 Mh/s
0x9cac5befe70e7a0ccde1c04d72442786ad0b2fdc,0.70454,186.33 Mh/s
0x8413e82c8ce42c0578dbd1dbec987a571b166c2e,0.80556,100.33 Mh/s
0x7d9ff4efb20f05bfaba854624b7d226ec712f9cd,0.00000,0.00000
0xa06bd00db46580225d48c3b6469d017c83f6af59,0.00000,0.00000
0x962984a8b3e572eb75e6d4aa7c54561f99beab41,0.00000,0.00000
0xb5904793f7cb2ca4b239a818b6fe93e07e82f360,0.00000,0.00000
0x92a5a63c6ac3421919df4b89cb6b134c9b78562c,0.00000,0.00000
0xa131595aba61718066cbf85e2b5d4de41259ce8c,0.00000,0.00000
0xfe3d44e85bbd941977f4a54dfa8dae8fa2186680,0.00000,0.00000
0x098921236e29f9c406a357d7f6000daccdc4e944,0.00000,0.00000
0x3994a2a6a9d137a1dff378498e1d237c2379a715,0.00000,0.00000
0x56ac56640d2e33c5a895f974c94d14fa3c1ae7e3,0.00000,0.00000
0xb5c4962365c85fec84062191bd9b6b3e419fb6d1,0.00000,0.00000
0xf02a281b86437f6e76c1f5ec47c0ef795c9a0604,0.00000,0.00000
0x7b9a5fad33c768409ea52e8242fe56820380649f,12.25631,0.00 h/s
0x3e0ce41b37f651c2c1e1b0154f32254d970f82ef,0.00000,219.78 Mh/s
0xfcdc31d1614385f5282ed3179e0583073a19e46a,3.86446,76.44 Mh/s
0x982bcad40a1605c7cde9a3771854676e50ab9ed2,0.00000,0.00000
0xee5f438b8ba5bb871d2560de2e0aaeaf85120ac5,0.00000,0.00000
0x75f1def38c16aad0f27af57f37a3eb64cf8ccfd2,0.00000,0.00000
0x2a209502116f5b192a0b32a797e841ae0617ad9e,0.00000,0.00000
0x3b76b8ae48afbf39bcd85b6e1810476f53fb94a8,0.00000,0.00000
0x9d47ff5216088dc0c6895215a0826a3f36a97336,0.00000,0.00000
0x3018abeb8c23dc32146af67c39daa23b0fcd3eec,0.00000,0.00000
0x8846d3a1c6a00aadc2ea90f495ab1d7396e3d160,0.52858,47.78 Mh/s
0xb896b5e06aa00ec7bf3b37238c0a829947d5320c,0.00000,0.00000
0x6a121e219a0e536e9b1fcdf78b046dec5aa9ff8c,0.00000,0.00000
0x83da64ffdfe4f6c3a4cf9891d840096ee984b456,0.00000,0.00000
0xf3312923497fdfea295b7aa1fe765bb7c8614530,0.00000,0.00000
0x9a89b60d7d71edcf99821e226ad2c12e192ecd2b,0.00000,0.00000
0xe3d25ee114cf66fbd3a36ae42a061bd7199e16dc,0.00000,0.00000
0x4157557157f246725a16b1b51f4dffd1b4985b87,0.00000,0.00000
0xaa6ef23842b1840e41bd100ccbc9e57e264e6115,7.45239,172.00 Mh/s
0x99ace9a1b1d5785f4a020a121360a62bfa829091,0.00000,0.00000
0x23b34684f8b8416aa16032f0c0926de10c00180c,0.00000,0.00000
0xb0b70449828b2eb17bfb4afe416280c2871f9da6,0.00000,0.00000
0xa9eab8d9cb443e749b4f82d228a96c020dc888d3,0.00000,0.00000
0x95bfa86a8038befd537a62c88de49162d47a9e6b,2.17217,367.89 Mh/s
0x7fb21ac4cd75d9de3e1c5d11d87bb904c01880fc,14.22348,645.00 Mh/s
0x738b9550022cdfa62ca9a5ee23977bf35906de1f,5.44795,81.22 Mh/s
0xa614c8f930fa79d874c0e50f0d35ddb405d52c03,0.05019,119.44 Mh/s
0x52e60e2a5bcaebe462d3691e45d44096988c6f45,2.27338,152.89 Mh/s
0x3ea81b7f39f60316db0900452cb1e640de6aea9a,10.30777,210.22 Mh/s
0xfa1e80f6e7c87cb5e0bbae5504ba11ade8a47518,3.09662,191.11 Mh/s
0xd9fa1bbbc7b44247ab493393f3071303f27f17ff,0.87001,348.78 Mh/s
0x5985ee9a739a16bbf14fedef3c15ce53a0cca15a,0,52.56 Mh/s
0xb63df4f8fb8f0426693d8173560364f553c0ba68,3.13371,167.22 Mh/s
0xfaa186dbfc542bf0c9a3f44ec49bf22a831d69af,0.85542,95.56 Mh/s
0xbc732637db090e543181e605d08d580c85623ab0,5.72740,157.67 Mh/s
0x1384e84fcbbc3368ded5956a16e092b9a55b93e4,4.82147,248.44 Mh/s
0x6995c01ed516049b014aeea7f50a57e0db1ec8a0,1.36209,133.78 Mh/s
0xa85545fb9a7aacda75a26d0de899b6d4ca0a3376,0.70212,47.78 Mh/s
0xff5d39a5502207b02158fcbddea9a13685b0125b,8.71097,377.44 Mh/s
0x0ac338de9c970f2146c74dfc895c67ce4cf12fd4,0.15001,71.67 Mh/s
0x520c51095225e3c3fe4c08ac3306e8748302aa24,6.39673,215.00 Mh/s
0x2980590f5d8750bbd4f065978b0a6cd4ea9505f2,5.20726,157.67 Mh/s
0xcdfc8c967bbf482e95e2f71febef2fab6a6e11c1,1.13576,38.22 Mh/s
0xee7fdda78a71d88bbceb395641fbd2c6393a84ab,3.18832,425.22 Mh/s
0xd80716616603a0ec4258500c772d1fdb0228f78e,0.30058,19.11 Mh/s
0xed00584a249ae167fce3c039b3dba993eed43bf7,0,133.78 Mh/s
0xe58da5580e8b8911c05f9b3e369d7005d8a1cc17,1.05452,86.00 Mh/s
0x313b975f16511aad467f327ac7a06697bd287f7a,1.15514,119.44 Mh/s
0xc9beeef6f3d726d5092bcf6a9c41a630cd11883c,0.96798,33.44 Mh/s
0x28812a68709c49046acf9e590b28251bbf243dd7,1.35885,176.78 Mh/s
0xc6f31a79526c641de4e432cb22a88bb577a67eac,14.22756,587.67 Mh/s
0x7b6cfb68622e5a3d3e4114ccb96ef2c7dc32dd13,0.30158,138.56 Mh/s
0x37fafda6f28f5bff0e4f9504faf1ceb048f11b8d,0.65463,28.67 Mh/s
0x64db7468c6b10283ea90628b2292cd7df4806159,2.18806,23.89 Mh/s
0x8f090f37753616d2c8ec3022ea2e70b0f026c6b3,0.33833,105.11 Mh/s
0x9e628155b7eed366a987b6df2aa748250d7283d8,5.75252,143.33 Mh/s
0x25cc2a64000c1f33670e03212a99ca22a6a7865e,0.95281,66.89 Mh/s
0x216185cd1c04ec2c1c9733894fce0a0b349537d6,0.05034,430.00 Mh/s
0xa4cc6e1a38cff0124764c38cf2055945648a6316,17.73460,277.11 Mh/s
0x69f8ce3f85aa000266c0c06e46bbf5cbb288be82,0.35714,716.67 Mh/s
0x1a9b760b26a82498756f49ebb52f07e2a3c7d926,47.89867,1.71 Gh/s
0x4cc83eb9d3476ccbb8308a9e39f5f2b2a07d55bd,2.30698,664.11 Mh/s
0x16cd67af8c4ed34a26d0f68cd0c4411386d79911,8.58163,348.78 Mh/s
0xd0341bb1c0c054bc2f100d178bc86e662ff46ff4,9.53838,501.67 Mh/s
0x49bd71f319768392dd484f139d480f1697916e9b,8.82244,219.78 Mh/s
0xbdf1f672e9a6279163168333f315a9212603bf2e,9.34272,353.56 Mh/s
0x3fd70200e5eb474ca9f3918b04f0a09b17856b65,0,90.78 Mh/s
0x18eb3e41143f702cbb2d2d8aa2fa041bb8f22adb,5.51568,812.22 Mh/s
0xcfd8bb431b4ac02345198d89a19097038419bb69,2.62285,109.89 Mh/s
0x8b48da49c3893965c42ada66f3e40bd00fa95fa8,4.73559,162.44 Mh/s
0xcde21bb66e7680f2581d4e1551e911d4da755219,3.89633,167.22 Mh/s
0xdf2f8db5d213023ea4cd5782a07e297b33b642af,7.10813,215.00 Mh/s
0x9e7d8f384322479d2fa36c4e34052efeefaeafbd,1.05335,23.89 Mh/s
0xc54230ff19fc4e4aec2753366f4b5487d2080c86,0,148.11 Mh/s
0x053d00370082c0b418c86a9be05d3941daf15f24,0.35469,0.00 h/s
0xf34292d2325ab96047bd08c66b511530aebdcd60,3.72577,281.89 Mh/s
0xe1986ee0ceef2b512f056afc2916c634f5dc14d5,0.84331,90.78 Mh/s
0x787564735f0521ee872975792016c8472bc47e49,4.00498,425.22 Mh/s
0xecafefd8c9fa6916f46c27518b543731b7a26782,4.22947,344.00 Mh/s
0xb63a64ab9878e58714e3eddc15040cfc36042cf3,13.55270,286.67 Mh/s
0xcac4346c92be509e742a49de7f4c814e616bcbd8,16.37115,501.67 Mh/s
0x15ecc56b6d9224a400c63ddc076f2ed5f6ac581a,70.87521,6.10 Gh/s
0x5ab6b56fdd941c2c1a3101ab9a56f306742f7eab,4.88672,167.22 Mh/s
0x6ade6b597e92b42cbf64aff2e22fa59f872e8f54,0.20037,76.44 Mh/s
0x4fe647b0775ec0d6a8ee303a3fd0f5ab5e9b3086,13.39581,640.22 Mh/s
0x8e8559e6d881c63884e324cec34c1db902652f45,1.13898,23.89 Mh/s
0x15937815edfd080ca266ee467065e2071d8eac94,4.18190,172.00 Mh/s
0xa11e85e58351258b04a83d1eb6b237d446e3aae7,0.82825,28.67 Mh/s
0x9060514863d5141a98e06861a1d5d44ee02acecd,21.44674,1.07 Gh/s
0x257ba5d21d392ea964424b01eef6c62db8f52d0d,0.15028,23.89 Mh/s
0x1d3593314d272799444ea7ccf53ee4b38bd2412f,4.10802,138.56 Mh/s
0xf0c54b8c1d6adc88697ee9ed355bd7aa43ad93bf,1.00363,95.56 Mh/s
0xc91f8e4d7bc3011da26e038e6688d2d2e685a94a,0.05008,90.78 Mh/s
0x7df152a4673443d78a65bceb9f11e849384ee1fe,5.79156,172.00 Mh/s
0xab0c5a04f173734565f5593317287481cbfd29d2,0.30050,57.33 Mh/s
0xcae89dec6b173b03e09d76030d016f37b9404a04,16.46806,2.14 Gh/s
0x872875ce97786b83d556ccec1e8e1ec74f6a5943,1.84786,148.11 Mh/s
0x9c56971bc59037273592b0d10f3e7425a69278d9,0.30130,324.89 Mh/s
0x71521ef8cc61ce2105ae97a993b5627cfa1b205d,86.56240,2.35 Gh/s
0x3599399ac6b1ad4b312a22d64f6682d8a8dd6f25,1.65822,62.11 Mh/s
0xeeb2d2f0f2915e96ddc037937481999abb0cd23a,2.35041,0.00 h/s
0xa6daf3f8664acd6c4f67103bf94142464ab5f86e,7.44446,420.44 Mh/s
0x79e6cbace2b3b1bd02674ecbee3e4f4c4c5fa943,0,33.44 Mh/s
0x3bb4073e6fc8c5ebc78304b828723c9ac91c6b26,20.55336,659.33 Mh/s
0x9720d9dbd84e13fd4306a1b328e8c296113de155,1.01891,234.11 Mh/s
0x7be3ec9b504f524ed0f308545e0d7766d56c4ed2,0,52.56 Mh/s
0xb09a6fa76dd2a449878246ba81431978950674a7,2.31350,114.67 Mh/s
0xe10174c4ac3f7052d486bac6f0c8f689f60ac3d9,0.55133,52.56 Mh/s
0xcd38b74b987a5e00cfdbe500e7ff9ae1bb008bcf,10.65763,358.33 Mh/s
0xbcfc0192fe1fd87a5ea5d9c5a40b3363107cc9d9,11.75249,138.56 Mh/s
0x483976a2f1c4181d638fbe2de7f47e9c462e5287,4.20208,215.00 Mh/s
0x17b4d449de58201d50ad91652486dc6a25489acd,19.11683,444.33 Mh/s
0x97da025f8204a24a56d4c9414bba8406b279623e,0.47158,43.00 Mh/s
0x38cb552e5b66938e1feb7d710ebbad9adf60c7dc,0.70330,157.67 Mh/s
0x93ce14864323e6651f10e83e9d5130f8b6e80c83,0,19.11 Mh/s
0xdc79fbbe9d1fe680f3a73bed1f7523b88010ede0,2.59433,162.44 Mh/s
0x550e2599b79d9fed6ebbdb46ecebadc31adfe9cc,4.16938,253.22 Mh/s
0x64b3340cb6278d9681ff0be418a3af104f7dfe87,30.99899,621.11 Mh/s
0x6f9c006535d139acf337a4424efb94f7860bf646,1.93267,43.00 Mh/s
0x18931f9598efd6775e5999a8ce2e2cfcd954a70f,5.44389,286.67 Mh/s
0x0a4bca4c8affb1e92c0452e0ff421688531985b5,4.68463,100.33 Mh/s
0x2a8da5357fc27b1414674bf744411dcafa510ea3,1.41685,243.67 Mh/s
0xe19f6bfdc1f0f8241365e4a787a00b21c2ca761e,0.80442,66.89 Mh/s
0xb7e17162498947ddfc7fc527b3eaff4de52d9ddf,4.41758,152.89 Mh/s
0x400d756b85757c74dfc3ebf146771f93488316fa,5.06647,162.44 Mh/s
0x1cd6f31194be50e5efb8285f13ff6086682f1db5,0.05033,0.00 h/s
0xe0fbab407f690e805df30488d1871ac224c70ff0,1.08827,33.44 Mh/s
0x87d26a8c966f22d9f43b8aee9b8de4dff3aeb3a9,0.97783,23.89 Mh/s
0xf33e7eba8c8362fd41b10c333e5c98826fc3b3f5,2.58545,176.78 Mh/s
0xa426b2ef1729c3283c0bba7e9a94cbef35259e27,0.10005,23.89 Mh/s
0x41e2ace731ff0e9783b429901f20ab9e1c81780b,21.11877,15.93 Gh/s
0xf235cdb7f32bdcf67c42f5644f15cae3db7f469e,3.96188,210.22 Mh/s
0xf812ab873c1da839e2ffbbb24d127923a7b5fffe,0.25441,430.00 Mh/s
0x64de7a6043994067d522e3e56cd8e53b32373a67,7.22344,391.78 Mh/s
0xdaae954e7a2d904452020a20b407f888f7f6b965,1.61735,215.00 Mh/s
0xd50abbc8537dfc7c3281f87923932eb18ee2f673,2.82549,71.67 Mh/s
0x340ce5469dbde238f4aa606bea3fb62a9857a22c,10.01982,353.56 Mh/s
0xdffc30b950c3c0240b2b38752bdfa4b96f4c349d,0.76744,850.44 Mh/s
0x8b1128742a60ef62dc495f4ded35300122470935,0.30097,81.22 Mh/s
0xdae9bfd329bf0d4690976987fecff37344e82c43,9.00836,186.33 Mh/s
0xf4a3c92976c54fa639d9e7ef7bfd962a5f9cb2c0,14.15681,2.28 Gh/s
0x9073c894b3297e3b58704198a36a89d595900bb0,0.70707,215.00 Mh/s
0x9e4374314fc09bc187d1a378d67048409a871ffd,5.18373,181.56 Mh/s
0x844c866ab4da16fcec4a8d6c7f756a2b58046487,3.34069,802.67 Mh/s
0x6e79789dffa1c440141da5bb180cc439bea18832,146.68058,1.25 Gh/s
0xd85807c7fc8057b9f73b758c4f3c39ac01cea235,9.00792,415.67 Mh/s
0xf447075326c7f31459d7c7907c789eeaf24073ef,0.40167,81.22 Mh/s
0x6ddfc24cc36cc8f82fa935cbfd6fb2622c307b89,7.74822,320.11 Mh/s
0x9ca8e58e68321fc1b46573e4be9573b5156f1938,37.72632,2.68 Gh/s
0x636ef1b67217532cefbd9085ae5fcdcddb7f7b3f,1.10903,76.44 Mh/s
0xae1242def383535ef66ca3799b2b48d883977aaf,1.57273,301.00 Mh/s
0xe221cd5bb1c2db17841cb28caafb0139d5fe7349,2.82429,148.11 Mh/s
0xb3e30cac9606c3375ee3f260da443412167a5ce0,0,105.11 Mh/s
0xf86a2f59d0b0d5b34a34511cc08063a6a4f2d5a5,3.85193,172.00 Mh/s
0xc120413f59173d908df41f9b3f29e083444b17b8,16.32047,893.44 Mh/s
0xed90a67106e1a3dca4c2acc1642100c6b11941b1,11.12384,477.78 Mh/s
0x601e3810a4cec1192451aad6d2d964779a1fbace,1.15149,119.44 Mh/s
0xdb73be9f00565b7f9e1295d124a2bff3d5d9e63a,4.29890,234.11 Mh/s
0x2c8a9db647a3312a46306b510150f1a052deead3,0.50205,143.33 Mh/s
0x4f2509fb62a5734ad9bdaca8114667884ee16eb7,0.90370,434.78 Mh/s
0xc9923c376ec070b479ad5c9a0198787979d24580,16.07234,797.89 Mh/s
0xfa2dccbba22bd6faa103da73c591c4b2ac642e85,0.05012,4.78 Mh/s
0xb3751d2e683edfc3201d25d051f54253796aa649,9.08093,367.89 Mh/s
0x027ab1c4d5c9500055aa384032afefd85be87a06,0.40487,344.00 Mh/s
0x0ff4a713e6527ee3b3da7e5676feeb88537cbbf6,2.25021,181.56 Mh/s
0x3509f7bd9557f8a9b793759b3e3bfa2cd505ae31,14.18703,554.22 Mh/s
0xaaad248c6c26b20a6b2faa1f05d8fc4c4d35422f,5.08545,1.18 Gh/s
0xb4fb01ef2592e4ad8dff08719673f2c5cb1fcf54,0,0.00 h/s
0x554dc910658f3b59ae2c5e003d86a03108b4098f,1.71475,119.44 Mh/s
0x4e60bbe51c81f08c2bfbcaecd9928cc39a6ba7ab,0.25135,138.56 Mh/s
0x7a39df90159dea7eb4f280396bc3939deade4cb3,2.46359,272.33 Mh/s
0xe15a5ba728c9f009278cdc271c2601136d2ed68e,0.00000,0.00000
0xeba6e626d2be1d19c1a0ee62942b1a35418bbc1a,3.08826,143.33 Mh/s
0x6614f289f4ead162d8dac36b0662724186c9767b,5.14759,191.11 Mh/s
0xf259ded68b9e51a9ce7046fe4f07b022fdf1efc9,12.11082,157.67 Mh/s
0x0582f7dcc370c186474710947afbfed2c3420a5c,0.35075,86.00 Mh/s
0x144d220d63e9c3968d2a1e07c493f5cfd95fc3b8,1.71466,148.11 Mh/s
0x143d9f3f39b01ead0a663dd04ef4c96f3b42dcf3,8.61088,124.22 Mh/s
0x4079bbbf8767145719117feeae176222609fd7f3,0.82569,774.00 Mh/s
0xdd1cb9255b799ac5714f388a9c1d6121c5773ffa,3.72576,205.44 Mh/s
0x3bd340a2e2c56a5ce816f9da8decef9cab58caa2,0.75188,66.89 Mh/s
0xe1fc36951a56a9673923318cd41e15c9fa0cd10c,0,38.22 Mh/s
0x135716393fadf7d8829c6dbc1cf3dd3414994aa6,51.51411,238.89 Mh/s
0x723b3217bb3104672a93ead640c2076ee0662c4f,0.00000,329.67 Mh/s
0xd43f3f27138d6f7ee526442119e80358392267d6,13.87731,511.22 Mh/s
0x6a923e17a554344f6a44e51af79a2f38635fe285,0.77919,81.22 Mh/s
0x58dc1c8f4c8c93bce5688e9e09832d80d53bd58c,2.68416,487.33 Mh/s
0x68aa6e31fec500e486e6a83a11ebc7d327c9c648,4.10969,191.11 Mh/s
0xe5e5c15b11d128ded9d36a2a7ad74c80b1ba2715,2.86929,133.78 Mh/s
0x976367e891f17697b6f2a69af8f9a6a14a6d3abf,3.83012,181.56 Mh/s
0xa2630c8257810bd27e5249fd43d72fd919a2961a,0.68195,14.33 Mh/s
0x09bac099e72c9b3a962a0d07b9d5233e017cb972,5.04319,296.22 Mh/s
0xc17bdc94e2bb027bbdf6023a3fc72022550b8171,3.65400,95.56 Mh/s
0x8e02939960d37d7f778b490f29f0cd7cb5a858bc,1.10634,148.11 Mh/s
0x9c2f657d60c0780b9dd6c3c4034b591b6db9605d,0.05018,210.22 Mh/s
0xddc2cea5fdcf918e7afea43b5f1a56b3c623f2bb,0.95351,176.78 Mh/s
0xaea4a7a68c72dc8cab8e306315e56efba6204ec6,5.63134,401.33 Mh/s
0x89ac6d1b87bc68de542e154435fd999224b3a059,5.62976,506.44 Mh/s
0x1ce9336755a87fd4d6406f3aa8187859a02cc5a1,5.60897,229.33 Mh/s
0x0e29ed8facc9c0addefd5341d25f8899214b5749,0.55097,28.67 Mh/s
0x0928334168fd93ede51ccc093eca6bea8d90da4b,6.53520,215.00 Mh/s
0x71c5e4efcd6fd44ad4e946921b59e35e91423901,0.00000,0.00000
0xeef80f2f9b0b1b4cad1254e6e43e67b791495258,0.74343,52.56 Mh/s
0x94914857f991fc2204c3d5c0bb29714a919ac7a3,0.66191,721.44 Mh/s
0x005dbd392262eeed27b9cf6708bda6e100e4f9af,0.30450,305.78 Mh/s
0x067c5202d976980b653e8207525e5e5256b01d6b,8.61072,544.67 Mh/s
0xcafe8ca31e3155e19dcb30416fcd121d11af85b1,3.69525,100.33 Mh/s
0xb6f4d75cc5cc2d8d27e5a6a29be50aaf1c5dd399,3.55503,191.11 Mh/s
0xeb6d1fd0503d82f8655fa3eefa0db5a59abf6507,15.17176,993.78 Mh/s
0xbcafc2fbdd2131f860fd4e593e11e07e794e8bff,8.59557,425.22 Mh/s
0x2e3dd67d42ff98fed0718e2345adb6c55cd057b7,1.60483,162.44 Mh/s
0x1cb43e88613047531f7887e0ebe94e1b30ff5ae4,0.80421,157.67 Mh/s
0xdbb903b977a6655c567a59749bf75b169a4a6896,3.80042,124.22 Mh/s
0x998d61d0ffddb72098b7fd93ee4c97e5bb7f6273,0.20018,4.78 Mh/s
0x68c11e84ff2e5ded8459c14079af2cb1e03d14bc,0.00000,105.11 Mh/s
0x38a0743bd89e223fc1b4d7c07863ec93360bf5be,0.15017,119.44 Mh/s
0x2a7d7cb2283c06fa00480abdddb168dfb74fa7ac,13.92855,439.56 Mh/s
0x04cf4a7e04353a1eae4045697368ee4aaff8659e,10.59004,606.78 Mh/s
0xb13d7b94c476d4887ccbd70c15847d24923611eb,4.62931,238.89 Mh/s
0x91cdb4f525e168f369a31d15335ee699f314222b,1.26342,186.33 Mh/s
0x26c55789dfc472d9bd1c0cc5aa97b7c8af91cbb8,11.35923,382.22 Mh/s
0xf786ca6ea2d69d598cef70aa96d9d0c9f07d7c3f,0.30171,86.00 Mh/s
0x1dabc5661ad60f476909585b7ff31d189507c7f0,5.31460,186.33 Mh/s
0x7f355adb1994e94e7e1cbeb71735e42000d0bf37,14.11851,444.33 Mh/s
0x8e57acb2730d89fbfc4f8c7a21865206ee4134c1,0.45523,14.33 Mh/s
0x0f2aab3fcac796e855f3b08ade79147d2d4d5a6b,7.44783,334.44 Mh/s
0xf63dae4f04f842efa3c23ef09cdd99bb0c4faea8,2.18744,86.00 Mh/s
0x5901193c6efd47cc953829e27a1f10aef3d6ee9d,1.72097,81.22 Mh/s
0x711d282c81766966a663cfae94703cd55fa2a7cc,0.00000,516.00 Mh/s
0xa3bef5dde542ebc4bfeb1ce0995acd81f379365c,0.10003,33.44 Mh/s
0x627383076f4d49dc35983ba6bb06fcc1b9668838,0.35204,95.56 Mh/s
0x315ffd4f4c9ca82d1acc3aacf8fb6164046613f5,6.51597,167.22 Mh/s
0xbec63d7d5d4f250aead58ebb575b1977c2d2adf7,1.34060,66.89 Mh/s
0x9bec28944eb2ea0bc066ec53a20dced146908e18,5.99966,167.22 Mh/s
0x70188f386f3215fac1fc56e8a78abf8b6cadc54a,31.62130,114.67 Mh/s
0xd1d183543f3a58effa36e7c3621d058c68ec5f84,0,0.00 h/s
0xe7c3ffdcb6f86e45dff2ec1fa20ebf70fe452df9,19.34352,563.78 Mh/s
0xd885482c4be877d8966caf7d5c917e0057fdaf1e,2.37484,57.33 Mh/s
0xf88f7b91146bbe78d796bc7bb0e90aa9b712d923,0.10144,148.11 Mh/s
0x20c1b8d9e443c0a1894433704195c8551e7a276f,7.44535,367.89 Mh/s
0x3deeda5d47f87fbceb28f0f17ccd296825ebebe1,13.98541,439.56 Mh/s
0xe1dd32bb199c25edd1886b754d09f46a4e381b3d,0.95488,138.56 Mh/s
0x1ebc34c048bd45c20a2445f5bb636a4f792ac3d2,0.25166,301.00 Mh/s
0xe9befc1870643bad4c04057d96b2eb54611b5e1c,9.88481,267.56 Mh/s
0xf958e6e99ccfc5c69583def1c8df4f54f53c48eb,7.53556,367.89 Mh/s
0xac5715bd2959e8e3b53438044eb0869db6aaa49e,1.70145,43.00 Mh/s
0x808310e039cbaa3945733fec2e47fb4499929545,70.31251,0.00 h/s
0x4f79b36e7140f8cf3e70dc85470276dd34107626,11.35728,578.11 Mh/s
0x9965fa75a4b839a4cd1a0dfca8ef7096c19c7752,2.72932,138.56 Mh/s
0x116429c0e95cf35daa90340e44b8ed542d474f2e,1.44175,38.22 Mh/s
0x7b917a8e30cb44dde0196f6e3e7b37944d495041,0.00000,52.56 Mh/s
0x69568ce4fbe8ec9d585c7f2df54b9173a2743fc3,26.38162,726.22 Mh/s
0xc5528204ab70c703a69e83c16a91df2640276648,0,33.44 Mh/s
0x98946719efd42c940c6d4ec6478eb47700b4e49f,6.91019,224.56 Mh/s
0x534dc4f57f77290d3cce0d2e712b2bbb61773ee1,6.13047,133.78 Mh/s
0x05d1f4725c82029d82d7ad1c5a31e68f5c9fa30e,0.25030,14.33 Mh/s
0xb8ea86fcf8ad2ac56c2497dd1a931f42425ee227,2.41795,124.22 Mh/s
0xec37702ca037506c789448a34cfc872a4370b95e,1.43470,482.56 Mh/s
0x7fa800728750b796e324a7831dba8c34eacb19d7,3.92031,391.78 Mh/s
0xd1f498378bfdcdb7e947fe48d0f56cb2ecf29afc,1.05249,81.22 Mh/s
0x4116c12bab7e7cafac0619d5ee71393bce723833,0.85414,138.56 Mh/s
0xf8cddfb97a5e34f39060690ff6ce53d927d61736,1.30934,143.33 Mh/s
0x1b223659212eec1cefa7dfb0ee3ce712456d28d1,2.76065,138.56 Mh/s
0xde2c2a453323d5bb602edf881ed7a1103b049b80,0.00000,2.79 Gh/s
0xaa5a56cf5a0380c01dbdc46c320a49b19d7b84ad,6.97695,272.33 Mh/s
0xd233c29f2d9900c67fe8cb5b60905135b5025d48,4.15541,568.56 Mh/s
0x244b34b0f112815464effa0058b7448de2258b62,1.00868,301.00 Mh/s
0x14d6d0225d2a52a311d8f5daaff29057a114e961,2.37213,258.00 Mh/s
0x882d6ded2aaf40f968e6ef44a358519dc0126989,0.10059,62.11 Mh/s
0x6e3ca1a71e7729b738aa61d14e581606ad04ddd1,5.14762,406.11 Mh/s
0x17a9bf4ca9d26acbe2734354ee18c458fd38aff3,0.35075,157.67 Mh/s
0x5422f72e71c6013b2dc537a5bdc364d2fe1ea3d0,16.77215,219.78 Mh/s
0x8c9f2ebafefecba857ba8e1520f86255910687ca,2.08356,52.56 Mh/s
0x0dd1f9aa9cac3bd7c63a5d14a121fbaad44186da,0.00000,0.00000
0xb3bd0fffe1251c15f9bba8e73bbca755aa1fa7a4,7.73634,262.78 Mh/s
0xe19ffb70e148a76d26698036a9ffd22057967d1b,14.15533,439.56 Mh/s
0x8c2bb3c63df176763001874e01d26cfe173e5fdd,4.31235,5.21 Gh/s
0x00626e8d8ff25430301c26ea72decdd99479aeca,3.69658,100.33 Mh/s
0x0e6f5bbd2fc4ef4bd66cbe0ae4c44369db2a3b11,7.29279,219.78 Mh/s
0xb44fa383fc3ebfb02cee6122a11241923aa8a14d,2.69395,377.44 Mh/s
0x454c401f45dfc2fc17390d33928f109d1ca2ce08,2.16359,71.67 Mh/s
0x0cc8a7b1e63f9e3957bea8de9b77021e54d55d29,2.11823,219.78 Mh/s
0xd65f828daafebb69a01d35c49d3186dd8aa53296,2.93795,114.67 Mh/s
0xda5e828a4214302515b340a8ee339c3818f08b16,3.92275,138.56 Mh/s
0xa272fbb2470fc73dfb600b55b1bba1eb4d6a8fea,2.26081,95.56 Mh/s
0x4ab05f19256e52b007cedc69af01788a61ff6d84,2.74881,109.89 Mh/s
0x08f48987ff9cf084ee1fa4f228b5515150522f99,0.05017,47.78 Mh/s
0xd5f6739e2f7efd9635b94cee5b25c4fd1fa5a03c,0.05027,33.44 Mh/s
0xf072adf2095d6d80ecf582a99caf1ead97f2a70b,1.61045,215.00 Mh/s
0x5e487b9166d98f12a886748ba6dc0ab79387011e,2.07577,129.00 Mh/s
0x86bfdc3bbfeed40cc2ed1417cf8977b4955dcecc,0.61516,114.67 Mh/s
0x3bde05844fcf44f18a0b1d9709752bf45a6672ba,25.96365,2.09 Gh/s
0xe90b05fb4cf31a397ca38807cefc78e624d0dadb,0.85813,90.78 Mh/s
0xc4529c9e7e4db6f888ed8ac09d3cd48fd4a79093,7.38841,506.44 Mh/s
0xc861e169883a1535de40365194b0155182a606c5,2.36307,100.33 Mh/s
0xbc31e040f44c55d3abaecd3fe3bf9e30e6938627,0.95355,95.56 Mh/s
0x34faaa028162c4d4e92db6abfa236a8e90ff2fc3,14.17684,277.11 Mh/s
0x4af08a8ff4c5f1e1b50cdbf597c3a315b65a17cb,0.35090,62.11 Mh/s
0xe323ac0c58e8785bb2ef87553f9ee0a91117ab25,0.50120,52.56 Mh/s
0xf307571c30d10815b47ca88ed9b647ce6a16d3f0,3.73420,143.33 Mh/s
0x98fa074c0a1633ee2231e89d15455f855773eaca,0.30309,410.89 Mh/s
0xad351bbfc439852908bd0c155535158ec0d84715,1.39111,673.67 Mh/s
0xabbaf1cd04a76fdcfaba1e137ce41127bdf987e1,0.00000,0.00000
0x5db66061f86a29925e401f6804c65fe01494aac1,5.72806,324.89 Mh/s
0xe745f0cb3bfb93a095f7f9a16d4f2c21a89adaf5,8.67385,258.00 Mh/s
0x48eafd0ab950dbf61f67df0afcb5d63eeeccb35a,6.17252,539.89 Mh/s
0x2bf52cbb4704491dc9b0383d02147af00d1f315d,4.31639,406.11 Mh/s
0x1e09a845234fe24948991ebd5913beb5183c2fc2,1.98250,157.67 Mh/s
0xd58bc57df316a14aa70171dfa335d057066b139e,11.89016,726.22 Mh/s
0x930b60bb538697de3ddf33a5972b407b8bb53d64,0.00000,0.00000
0x2281886501dbd1749edc6bf107022ed7de917f12,7.96702,1.45 Gh/s
0xff9feeca848f1e47e66b29d01864438d1898bc32,2.35059,66.89 Mh/s
0x201c821e7ba63baf9969feb9c810c25f64edfc7b,13.81545,630.67 Mh/s
0xef5de489c32412d9ef207b053554a521a6f04c91,47.80810,1.53 Gh/s
0xd92111443ffe2719081491416e556389f6bb836b,1.25422,66.89 Mh/s
0x3cbb80057fb2ebac0f605fd061c258714ad7061d,2.01303,148.11 Mh/s
0x6e28fb755ca02c9891501c31fb25aa71d73dc6ff,15.51666,0.00 h/s
0x75b74b43e8a5243e253f85a1c3d49433a46e45d5,5.74674,382.22 Mh/s
0x940f74570b73d98f05b91c98da8811055dc815e9,1.72151,401.33 Mh/s
0x8145ee8fd5cc9477aa338c9ea18f92853f0dda02,2.77883,152.89 Mh/s
0xc11b588d4ee83a8a96cdb8bb51f0ba653f449cc3,2.76797,157.67 Mh/s
0x69f89b93f0970d02dad05617748db54c5acd70e8,4.02400,14.33 Mh/s
0xbfd4dba2103dabaf6766c00c327de47216d62580,1.04296,81.22 Mh/s
0xf15c6d4f5d94c4b38d05d33c73e275638b53ca9b,1.95947,821.78 Mh/s
0xb49b8eb05d122c47537c6f821b61019d2d0c9914,0.00000,124.22 Mh/s
0x7a627eef83ef10833e07e31bd6590ee398247488,0.52078,28.67 Mh/s
0xf5be05cde32a363bada1f8975d8f205207311337,3.98142,186.33 Mh/s
0x77c6f1deb7ceb99911f8c088de266c0cd800419a,1.77149,43.00 Mh/s
0x5f0291c8fffe87e28ecb559a41c5de3d770867e5,0.41108,549.44 Mh/s
0x51ea6bb9b0dd984fbb35f3c81dd4b62ca74dad8d,0.00000,0.00000
0x03e719d9101c4b1af7d9b69f245092a9fc963f8c,0.15007,19.11 Mh/s
0x3904aeda262079106a61bfa1716b0bdf12454714,2.00980,114.67 Mh/s
0x28149f2d5250020d0d0f748cbae0b9b333de47a9,1.54244,43.00 Mh/s
0xf617b326d832e60eb401bf1395c5081310b3f1a0,2.56847,124.22 Mh/s
0x8672fa021098ca1c4720b752e7d631dbc39a05d1,1.00670,143.33 Mh/s
0x01b6b3314c1092a385bc0c5ac2820f4b4130003a,3.79665,66.89 Mh/s
0xca3e578aad478ce9b059263f4339397ca0181ee3,0.60165,86.00 Mh/s
0x50a4710b01c17c2c53ffa2793d41f3172fca6ccf,4.69571,363.11 Mh/s
0xed7305ceb2d44f47b2e045a121e2e65752e45f46,2.36995,243.67 Mh/s
0xd2c3759aedf2302db4e65389532ed381a4d2ac49,0.60623,200.67 Mh/s
0x780051f011b393f6c1e7b22813294d70cec13b52,11.96157,611.56 Mh/s
0xf78e11a8a5571a69ba84a8b6c36b40696126861c,0.00000,0.00000
0xfc8164ff0d05e4ec5c2c4f8419935c1b28e3b62b,2.41703,186.33 Mh/s
0xc1c427cd8e6b7ee3b5f30c2e1d3f3c5536ec16f5,14.05826,511.22 Mh/s
0x977f488ef6de928ba177508384ccf0fd4010de4f,43.20079,1.61 Gh/s
0xd8df96c23800854371aec3c8f71ce35d1c8b1c68,0,291.44 Mh/s
0xe7c7f1383267a7344431d9d68bc41b1eb2074ffa,1.14617,33.44 Mh/s
0x7aba01f29020d9ff1bac9e518bde0f5160f91223,0.35446,525.56 Mh/s
0x67746ef12ccf78d9258e11edbb88abb6edf48bd4,0.60303,95.56 Mh/s
0x843c7229f9f3c7ebaaae352805fc1031ac8423c8,6.77013,143.33 Mh/s
0x0ba121b2f58f3a7ca43c4c8eb2c2979a89329e1a,1.11043,248.44 Mh/s
0x8c6172917f461283d6b360afea005a74460cf1c3,10.23951,697.56 Mh/s
0x057bd661f182392c57328db996af9a0512e93b4c,4.90123,879.11 Mh/s
0x400232669d172ed339c1217b14ced9fdedbee6f7,2.42670,181.56 Mh/s
0x27d0c745fe71cfac57a1cd10b2931390bcbcd5c3,0.00000,0.00000
0x0e0e047e239e295d4ed76aa5a52b064663ee55ee,0.15039,157.67 Mh/s
0xccea92c3ed7e40870be8608bbb774a9ab2539bbc,3.56609,95.56 Mh/s
0xe5e977ce8b213b6f3905ed392db04314b5138a0b,0.00000,152.89 Mh/s
0x7d64a55ead8c1bbe49f15ce0116374f8e455afaf,0.96653,272.33 Mh/s
0x5d2c7f6bd8a050cacdb0416abb29ac9e330041ca,0.00000,219.78 Mh/s
0xbdb7c772bcac9d722c35e9bd9c7c04573e7880ab,2.07659,401.33 Mh/s
0xb9bc17c4f57395f02a1cef13a52ef8ea624c6264,16.25049,621.11 Mh/s
0xf808729db06d2930a481ef8a2351a84c6ecdfe48,0.00000,0.00000
0xcdf7051acf3bdf819c8b8a8187bfb56b5d6de251,3.00040,344.00 Mh/s
0x46b8cf7ccd735421cd6bd98a0818819d909b573e,0.80699,19.11 Mh/s
0xf4ed92006ca7de3f309b97d36be8cf4d6ed7d6f0,3.09359,95.56 Mh/s
0xb4e024f9f6fb038d0d0ad86a053cba4913449708,0.81198,377.44 Mh/s
0x656bde0231e60433ca59ba548cd5b0a28c605848,0.00000,0.00000
0x87ee20656fe80a2148d3f77759f43c48bcb5082a,0,172.00 Mh/s
0x2eaff84107b6dce396d4927b8b7f8d7282308f5b,2.31260,95.56 Mh/s
0x54620a574a958e2a3044a03818756f546a3e1e6e,1.80984,62.11 Mh/s
0x611c0e53ce616e04e2d2e91809856243ee595bb2,5.58165,272.33 Mh/s
0x89a3ed3661f09b60805b8fc2aa6c35e9f31fa4af,25.18963,879.11 Mh/s
0xc02b6006d5c6f5a349d3f7dd2882cc4e962786ba,1.00282,71.67 Mh/s
0x69b8c50d74521d9bdad1236d2d88fb07afbfeeef,2.38466,195.89 Mh/s
0x1bccf9c83348edaf6565637ce3d86cab3da4eefb,0.05040,587.67 Mh/s
0x1843d50fec8e94e88238d97d474256c68c37acc1,39.28570,2.11 Gh/s
0xfa1660a6e558d8683755d122afc7feb29a463671,0.45471,563.78 Mh/s
0xc1acaab0a6d330c142b6d95bd70a174ada412c6f,3.60565,258.00 Mh/s
0x90c61918ea9a5fc8436ecfd74c7b6913d4357714,0.25060,0.00 h/s
0x0e19c5591a1e5d6acd470b272843527e1ab8f4db,9.52608,535.11 Mh/s
0x61071cba9cf0ae99f88912719b589baa6b9b2db7,0.00000,0.00000
0xba998b342054607365a222d5f1f28de1cc70ecd7,0.20110,81.22 Mh/s
0xb6a5a4f2acc5761bf83516c58c82acf3355df5fa,4.37222,81.22 Mh/s
0xf150ae0ed1033fb80aaf0992e9ae9e17f63dd5b1,7.17288,444.33 Mh/s
0x2688565e7307b8404492b1e1c8ac63f84d86749b,2.46394,90.78 Mh/s
0x4adf509a34d5df28d72229bbf955d2acba843730,2.76991,105.11 Mh/s
0x79c45fc4173c40bd414f5497593ab78dea8eb703,0.05006,38.22 Mh/s
0xa5712e13428acf2b3b877c1e4d2a4fd536500875,2.47272,172.00 Mh/s
0xb928c91d6881ad21fdf3407799d9b64144c4f39e,24.67964,1.13 Gh/s
0xbe6f53838d4f4dda4dedfc0775f8f190838c7687,0.85434,52.56 Mh/s
0xfe8f59332d37dc8809344a8ba40f3508bb0a3471,0.00000,0.00000
0x0ba057597d06b8acc8dfac676de95a3ead206747,2.75694,219.78 Mh/s
0xb6bdafd56cb8c3040e82a323855316dfd532ddc5,4.18928,86.00 Mh/s
0xc1a9021f885af0d9fdec385b425322dbbc296271,7.99970,606.78 Mh/s
0xe367f7f80e834bca710eca7ef9f2b834580430b6,0.10098,344.00 Mh/s
0xe93e7010e920d0892ad724bf686ca381511a5623,2.62163,148.11 Mh/s
0xae3325cc952fd73c10d08efdff7622cec8bd5a9a,0.75288,109.89 Mh/s
0xbc1795cd147a2a426a88ff3c6da9e32cd76784c5,9.98980,544.67 Mh/s
0x06f11ec3d86c47113e9d37b5e7131f104162c3bd,5.34047,291.44 Mh/s
0x8e2355cd7f944c54aa3968f38d36022222ba84d6,11.15849,444.33 Mh/s
0x9f52f712e9e9aad90f04a175efeea95188a629bd,2.78260,138.56 Mh/s
0xcbb8ff9f7bcf94c3fbcbdfa484a8b176d8c12507,2.60023,157.67 Mh/s
0x6ebafbc44a3cdcd6cdd1117940d1d7781e8800aa,3.09509,66.89 Mh/s
0xd12c4c5baae224e4f0a724bed6595dd836b932d5,1.01165,19.11 Mh/s
0xb7f4afdbf0fefebfb4c6c0ff3a2913b4d92ff300,0.25085,109.89 Mh/s
0x3ec2e02d0b8607e41e73aef23d81d5649b3f567e,0,28.67 Mh/s
0x60268796d57a1320032787de9be70cebd039cdda,6.31749,181.56 Mh/s
0x69289d37705c166c3fa469294305fae1d6e86c1d,52.25645,1.09 Gh/s
0xb561da2fcfd6bb0f7789a6cf382110b0d783c435,0.00000,0.00000
0xd458e55159db289a6a6de68b2949e37505a5ba45,11.06846,119.44 Mh/s
0x5c2f9465816c2bb6f0752d6e612a40d3c9fc8405,2.93064,219.78 Mh/s
0x8b1fd51f68b9caa57e2017a38e33cc5ba288a827,6.30223,659.33 Mh/s
0x99a763095aae45e357fb2740f1163e25a97e3c8c,0.00000,0.00000
0x5778b02659388d880f249acc21c55f23bc3ad448,0.30077,76.44 Mh/s
0xda88aca2c3dba2d3b4d1705f338a194df997e047,0,4.78 Mh/s
0x22c2d4efdd57bc854bd70dd73b4fef662c6b33d5,0.86441,19.11 Mh/s
0xce4cb0e720c6a4e49ee4721d6403ef7ad5ff8e36,3.83665,200.67 Mh/s
0x0bb26f0e6cdf264b068b883ee44bf58eda6cfc47,11.09125,544.67 Mh/s
0xbeb31ae4173ab53f54e6822bdfb216df6bbd5d73,5.93904,238.89 Mh/s
0x86664585c1607b030373f6a74125329dbffcd03e,5.34183,377.44 Mh/s
0x43c57ea214b6265a820ef3cc4137ffdab9bdb11d,6.24466,439.56 Mh/s
0x3ba470cc5d48e60c3cfeda6edbf08743c5a06b5b,3.28385,148.11 Mh/s
0xf1396cb45b9013e4e847c1018ffee37ee8280e1c,1.16084,219.78 Mh/s
0x0e19a84ea15022da04f471c44b185152a9cec945,4.28228,234.11 Mh/s
0x291cd46c1d91f60450f2ba0e4e411322f7aeb05f,1.81656,224.56 Mh/s
0x8ab32623974ed1709ca068e51555e17ea4c3c360,3.70832,90.78 Mh/s
0x9b860b24c0e8072299721cab3c6e8ebbc7d419f7,27.27145,468.22 Mh/s
0xa77903a4cba3895e7ab9b337417f671e72f5088f,19.54932,635.44 Mh/s
0x9aabc1db8d07f2a2a7871f710a5d94b944f22761,5.88172,367.89 Mh/s
0xf9243cc09f67cde502907e7855187662088d30ae,8.51642,324.89 Mh/s
0x54c89e06ae3319788a95784d4a6ad47eea971595,0.00000,463.44 Mh/s
0xe3454bec9820eb3a9f01385f8d54005a827e184a,3.26477,172.00 Mh/s
0x1171127ec5f29f0f03a2c1fd785a4cea78ca2123,1.50801,105.11 Mh/s
0x5ecfa005980824f0f13afb139087ce7aa6e6fb66,10.23516,353.56 Mh/s
0x1a8729b3da12b63516ccac25062dc47393d4f976,10.29449,573.33 Mh/s
0xb893050b4f289fc96806cfbe7b3bf594d867f6d7,1.35624,129.00 Mh/s
0x8ed60b2ca352c6eeae0e7f5d3e04bdabe58a5516,2.27368,129.00 Mh/s
0x348df9e1ebf47e1f012958291edd479b50317db5,0.30195,90.78 Mh/s
0x2a40a4c309b06876a11d9c5598bab13da8e5049a,0.67585,71.67 Mh/s
0xf43fc084fc8c335a72ce7dac3403d0a869979ea9,0,47.78 Mh/s
0x947a53118f311d8e8b693b368f4d24af4830f138,5.39333,152.89 Mh/s
0x9782fdb1597451e5d40463b5c7fec2f481d52d6b,13.19474,568.56 Mh/s
0x2e24bb0850731e1358efacc96633ce851c24e1d9,0.95538,167.22 Mh/s
0x6f2fc968dee54d5d0b90aa4a407fbe0fb9d848e5,1.20771,219.78 Mh/s
0xe2cfe71e567be6f855f81648209a8e10130b3166,4.13444,109.89 Mh/s
0xf1ee1bf68141845a15916cdf3bb1b24c7e038abf,22.22569,1.07 Gh/s
0x0d3e165723eff794bf98e90b0fc953eba8b670a2,2.19465,215.00 Mh/s
0x832189a63c6765fce2dd830884d645cd7f6c121b,0.65575,186.33 Mh/s
0xf47f3043882aac4edae4445079b08019ffd65a58,4.64486,129.00 Mh/s
0x6013866e2083a43b0e7cade3a2fd3a5cba448d16,0.86077,28.67 Mh/s
0xbe85f2d50a05e0e2e119465501a24ea37c70b0c9,1.30403,52.56 Mh/s
0xe812172b586e5ce0cc1107851d8e23277210cc1b,6.51463,286.67 Mh/s
0xe3459c5aebc9f39c87a54f0cb4054a7ba8583ee9,0,28.67 Mh/s
0x0bf583a4094fba6a8380d0685784b7e11170d862,0.00000,0.00000
0x9fd245712d658612cc4451664b352c4730915bda,0.00000,0.00000
0x2abd72742a57f3581e32f662f8657bcdfdfc9eeb,14.88335,659.33 Mh/s
0x5c9bccdf12c6c71b0dfed63f069ade42b3862a35,0,19.11 Mh/s
0x5b6e2577f00bf15b2c367464ec05279e4f84fa22,0.53052,52.56 Mh/s
0xda275cfa47fbeb55f8abe27591e6575854ca9cdc,4.74463,205.44 Mh/s
0xc5fbab2031cdbe9577976c8c5819ffc069626577,0.00000,0.00000
0xfa4d0a292d74e8772a34c57f58a0d0dc5a1d251f,0.60440,186.33 Mh/s
0xac58417f867692cac02b655e4cec5729cdb54c95,67.37660,2.18 Gh/s
0x2ec4f2c1880eefce563e9ff56aaa042f58da4648,1.27237,100.33 Mh/s
0x7d6ed016642e95f9d829ffd6f2ecdc9fed222289,1.64756,176.78 Mh/s
0x08b617fbadc090890cfcdc6a4b095b2a29d3da00,8.79552,138.56 Mh/s
0x27a60cb1e2d245ef85896075208dfca8b9950f17,1.90897,124.22 Mh/s
0x524ffa6a100f75361f49720476a146e2e19eb2b2,0.96091,258.00 Mh/s
0xfcff163e7128a0a97bd74ffdbb26fca44de7df7d,0.80466,195.89 Mh/s
0x0d229414f1b9893d97818fac68def7ce350090cf,3.56255,119.44 Mh/s
0x47e5736561d695ca14441e8b438e90a7eef3bd35,5.21037,869.56 Mh/s
0x75466478d49e4a74db6b347613a912c50640938f,1.66844,176.78 Mh/s
0xa819e3601f33d9791f5c3d4b7f71611f64c8c772,11.09736,277.11 Mh/s
0x02fd440a73e47a433c9ec945d51310528c0113d5,2.93119,315.33 Mh/s
0xcbd44ca9ec78e361ff372b39eecb0c9d9b150531,2.62668,119.44 Mh/s
0x7e74b451e3e81d11a794929fd3eb14729aa4eb8a,0.86427,363.11 Mh/s
0xe194620674f910c022e12e60f34f52cca70a349c,1.56108,224.56 Mh/s
0x97d41a44b6e6c73cd8b187b438a70f89acce5484,0.45089,38.22 Mh/s
0xe3bb3ea108998808f51a5368f6d7ab71a3b11adc,5.49480,286.67 Mh/s
0x6552d624cb976d217dbdd28357c1b2a821fbde75,0.00000,0.00000
0x49a647a811c6fc7a15b25eac755fd92480db2424,0.00000,0.00000
0x21791f008300e9075028e603a9671420ca9bd1fa,0.00000,0.00000
0x5571b0223125433babf112f083b5ecd7414e90e3,319.68044,6.77 Gh/s
0x790af1301a85fc7f454f040aeca04a3cde44f174,0.50089,14.33 Mh/s
0x8557bc9210040153e293ec195369f982041dbf45,0.00000,554.22 Mh/s
0x3ff7ff6f3952dc49b0c41d12dc2261f70ad4a24c,13.19645,649.78 Mh/s
0xdc9ddf51c86e020fea8bae03ce505899372a2310,0.05030,172.00 Mh/s
0xb3811a3188f6c52a54761cac1b3f5b05373dcac3,2.51520,66.89 Mh/s
0xe73fbf29a044258417f2e9071108dffca2ecdaed,11.41729,568.56 Mh/s
0x09d170868217d248518931ea8841cff8973ef800,0.05015,86.00 Mh/s
0x1aa3f77a5d7a014e02fed3a19ebfa7d72f1011bc,18.55992,1.93 Gh/s
0x5af6c06bd01032544b583f3cba8c7771c277d654,21.69740,621.11 Mh/s
0x5cca0a4f77c90783da5d96728a74ebbaa426ddba,2.23609,47.78 Mh/s
0x9a33994a4d58855bd8a124814598202c1d6bcb53,2.73499,52.56 Mh/s
0x8c58b92e62f64ce25de1f3393424f56275df14f5,0.05000,9.56 Mh/s
0xe941239f683ecf87551730a2f95d446005346bf1,1.78203,90.78 Mh/s
0x43e4efa7b3c043b2c88a6deb7e666e17fc702730,8.81911,520.78 Mh/s
0x1c6e9c3628dc3ec3830fb027112f94b8efd61356,2.79819,444.33 Mh/s
0x5a356883484a8c959fc1e6ba4228144e1d4bbc5f,4.18774,258.00 Mh/s
0x4af112dc2c0a67e042bc77c16a7dce53b0759f39,0.35053,33.44 Mh/s
0x9a57bfa45ca5f12229335b83216da9f329a19295,42.29014,1.92 Gh/s
0xed5fed8b721918c04b27c24a91b12e6b50fe3096,7.89767,267.56 Mh/s
0x91773cbcf3bef747fde3d513913d3fe1281c3e1c,0.60348,148.11 Mh/s
0xa7ba18bb144e2f07a487d97ffb6c79c19e9237ae,0.65444,200.67 Mh/s
0xd1d097e2b9ce96c2e7a4596592597522f3f9f1d6,2.29177,62.11 Mh/s
0x4c4b2c251e338932fae6981b27b72a334ab2dd1c,10.25276,1.20 Gh/s
0xfdc748be46494e70f940ea0c382cfc018d88b19c,4.64745,133.78 Mh/s
0xd80011240e6d02c08aac461dcb3201dbbcf70b2c,0.05000,14.33 Mh/s
0xd4d0694736fff58d666b4df0b64246aba7ff12b2,3.43778,783.56 Mh/s
0x4efec724ce4e079eaec6761ae6bc6f94b03ab4fd,25.48005,1.41 Gh/s
0x2e2783c76bd709925b799051045676e01fe8d14b,21.59447,683.22 Mh/s
0x5bff6d2bef6887723a02245cd4733c1d655134ca,8.56210,95.56 Mh/s
0xe5d16c0e65752450953567786536e7f34e0ffb22,0.55263,66.89 Mh/s
0xfe80dfe2738abb0a0d9ce0d675eaed01c052de0a,1.16203,310.56 Mh/s
0x5f2ad4226b8fc9769e09f03489e08a90febb7882,0.00000,148.11 Mh/s
0x580a5d4b58b2beeb63cbd6801929ce47dadcadf4,3.22296,90.78 Mh/s
0x64898ba309e9a3f7ae2c3631e6d0d77e9185d4cf,3.07345,167.22 Mh/s
0x7858468fbb49b3c8cd10a42a0ba4368dd022f0c6,6.12456,143.33 Mh/s
0x193379be1c1e3dce292daff5547743bfffa70f52,1.41125,157.67 Mh/s
0x765ba5fa4bfe88dac1154f35a4bec9ad001f1c27,2.81753,109.89 Mh/s
0x95386e46f9efbe2b186c2f8eeb43aefa4063c80b,5.86056,415.67 Mh/s
0x577468ca09f059a4552762e782f69c68b232ad06,2.74601,200.67 Mh/s
0x5bc709140d4b9f2808dbc2a5e7183ea11f7fa0e1,9.40206,367.89 Mh/s
0xf9a13be006eb002837d850ff7e229c94047dd613,1.10513,109.89 Mh/s
0xc155c6e78f992dbf602bcc14f43c8aba44a08048,1.85794,81.22 Mh/s
0x62795b6439bdec77e74ec07dce3449b186981518,0.55212,52.56 Mh/s
0x4d79082bc660d3a4d3c5999857ed6731d222a889,6.43489,492.11 Mh/s
0xbf0d596191fed3c4ed421a42ee4b9bf21bc1139d,0.85341,76.44 Mh/s
0x67b8d7241eee744ab4d56217b618a73a8b72d738,0.05009,272.33 Mh/s
0x21317ef7c5eec96cecb2af079d708c9a45e7e585,3.27731,167.22 Mh/s
0xdeaf7aadcf46caa7724a6725f4b9ce48b13e61dc,1.61297,86.00 Mh/s
0x15ba405b9883b3a211ebb674d25876957004f8c0,2.56755,143.33 Mh/s
0x9544acf9b9c11f73896f5ed0a691b074ef633aa3,1.20598,105.11 Mh/s
0x08a0bf5accf5ec8ce88e9522faee40bb9662a973,2.51705,176.78 Mh/s
0x9d49695b1a8b368d588ccb9b425308bd7ba42fa2,0.95810,181.56 Mh/s
0xd38035ed6088963aaeac81d90de9886722702491,3.41976,329.67 Mh/s
0xa147fcf9f38513be8617b9cc5e4d53a051491b50,0,334.44 Mh/s
0x89f807d4fe448fc202d8f9843e32389c0851d1bb,1.56066,172.00 Mh/s
0xa0496510c151752639255075e9b8bd0992410b1f,4.47049,205.44 Mh/s
0x98b1453aa2d527ef4a521eb3dfccb5d1e271c88c,1.35517,172.00 Mh/s
0xb904631463206f9a7c658f146c1d21232cea5ffc,0,133.78 Mh/s
0x82d130f82dc1d40f0ad69bbb3156352220ccd2bb,7.56032,769.22 Mh/s
0xa951d7581c22ecc107dbf69e7bb9ff0e92804197,4.07123,7.51 Gh/s
0xa65bb59d36db9ded62b9c05579ac714c0e1ea455,5.47976,258.00 Mh/s
0xcd8bab47a8a4aa382a0ba3ea8bb4cc4daf1213f6,13.10234,382.22 Mh/s
0x1d6753a6aebce4441dab782be30a353a8f58f610,1.76078,133.78 Mh/s
0x265ab5d7e8dff91b7c3946a12584710b86b2cecc,0.30178,286.67 Mh/s
0x46b9e12d52569787bf163f6da866e198f64da26d,16.07619,860.00 Mh/s
0x91ba7e590ab6210cd9de391985430c9265d516bc,10.73145,12.99 Gh/s
0x83bedd6ba0f939a681bc607d7e0e4b5c52f27856,1.96457,253.22 Mh/s
0x62a277e55804f7d406a2558c14940ecc955b1b95,6.27515,262.78 Mh/s
0xc0082492d0d139d96b4e9d4d459e51e570bc7092,5.04974,205.44 Mh/s
0x1200c05788ced3fbc7ed4658dc36c5ce55da36b1,15.13178,635.44 Mh/s
0xf145675e37dffe0f8e03c690240516957bb845d7,4.58403,267.56 Mh/s
0x56becd1b47d7ef4aa099caccf7e8749d7c9d886e,12.92844,817.00 Mh/s
0xecd294c1e501d648975804cb2b29882807613f95,2.26376,129.00 Mh/s
0x7764f7f60fc2a0776d3b3abf417ad51811adc182,3.68278,181.56 Mh/s
0x01139f82659a3bd56d1f051d57d4bc96a3b9ef05,47.89506,5.58 Gh/s
0xf1973cea2bbb6bfc039d7b1d55aed311ec246b4c,15.95176,783.56 Mh/s
0x3fce173cf06bb5649a764b5c86d6ee50034b49ee,3.10094,47.78 Mh/s
0xc2205a9759f46513628ce004a0c843d0512d8d31,2.71298,176.78 Mh/s
0x2fc9d9755e3e77858a1e83a4c1e18fb5674beb1e,2.01954,129.00 Mh/s
0xdb0a231eb940a4828458057857d8eebc11560447,0,19.11 Mh/s
0x427adf8b5a8403ddfdccf1ae2923034926a9d6f7,0.67586,1.14 Gh/s
0x021afc0c76207fca42a6614186d8d7bf70f6316f,1.00269,47.78 Mh/s
0x42cac1ae88058e960c8a794548a4b0c3b304b91d,0.70442,195.89 Mh/s
0x94757fcbd6ec9e8689484d64e366ca7a2b18bd52,9.36180,114.67 Mh/s
0xa27cec0abedf54fe8493feda811a1f99930db8ca,0.15078,71.67 Mh/s
0xcaddb4f0d1bc71c31f3ab32f29a9033d54218287,1.36389,286.67 Mh/s
0x5dfd14eace45fd92711ebb42ec0270ccba528d42,9.35813,0.00 h/s
0x665f1edadc54c05f3e0bb112b36055144eeea058,6.07795,559.00 Mh/s
0x3598c53a08a5dee51337ad5c288bf8a925f96f1a,4.18087,291.44 Mh/s
0x45c3fab122216046ab4e522b913529dbcc376fdb,2.24642,458.67 Mh/s
0xc7b5d7057bb3a77d8ffd89d3065ad14e1e9ded7c,6.37216,2.00 Gh/s
0xa3d3bd856408b921531088cd9d78f87e93b38c48,1.71956,38.22 Mh/s
0x2b8e5e3c819adefa8f8bad15a5361dd32912b0f7,2.71743,114.67 Mh/s
0xf4e452e8d1cde25638dfbecc090b1a06bb96596c,13.13276,520.78 Mh/s
0xc6daa11e4d5e97a0e5d9a755452732db8f07b531,86.99201,6.67 Gh/s
0xcf24ba580a7d41c1c85f73bb89b0d5a39802987e,0.15011,33.44 Mh/s
0x6a73030d81437f5881f53d4c754a0dce846c5c42,2.09004,90.78 Mh/s
0x79b0fa54c8cbbb4980c0d6a7df81118e88c6eb92,4.19959,119.44 Mh/s
0xe986c3a221e934627fb08ec14001cb8847f66737,0.20021,28.67 Mh/s
0xd84a8f820df9d528906d1e057aee94309b6a3b0c,1.35736,152.89 Mh/s
0x64702dc5be9c482dfb473d7de2fea818162e65aa,3.64986,143.33 Mh/s
0x82181d687717cc82e4f8d3ef89251a3416d2fa70,9.49899,716.67 Mh/s
0x445dc10125c30af7533bbd1595e6b17961490fe3,3.55599,167.22 Mh/s
0x5034eb9a2cb4af4e3e1165a2f4355ce411b168bc,5.27848,645.00 Mh/s
0x062d906e9a2bd3d7aa5a79246a3ecd0f60f7ed6a,19.00563,702.33 Mh/s
0x187a73a66d40f2d4067f3abd4f3d527a36903842,1.71241,224.56 Mh/s
0x93cb23237db16942ec3c6e5a898f5120c7d6d8bc,0.00000,0.00000
0x53332658fac3a822db5b849b49e981e0535de38c,0.00000,0.00000
0xfdef85cc9ae12fc6bcd406a30c397560590b7589,12.01806,573.33 Mh/s
0xc014d76d67df3ffc4b1cf7d7db0bbd5cc7b8023d,4.27111,496.89 Mh/s
0x51d1d7fcaa99e28df2ceb57eb49f25e1144186e0,6.07407,138.56 Mh/s
0x84f8b8d1679b36f8d08e939383a25aceadd5ea5f,3.72252,162.44 Mh/s
0x2f521b65ea276ad3fc1c60d3ef792180870755af,15.49397,1.03 Gh/s
0xdb5a47f24269f78e0c78159615e70744c85f52de,1.52486,363.11 Mh/s
0x078a65bf1cb67ec03025664d2a691cc0c85654b1,0.05000,4.78 Mh/s
0x1e31ada6e9b566e7333392e36cf3b7c58d94ce43,4.71264,186.33 Mh/s
0x41ac98869107ced3b9161002ab80fe5023e33546,10.41084,449.11 Mh/s
0x3a8a8a096531abd365d5ceb44c01b6f95d64d848,0.00000,0.00000
0xcc9d892e6d5aa5e87ee9c70baaaed60d4199ba5f,6.26771,305.78 Mh/s
0x3d1ea241cd3381b6ba6a20e07c2a82d9d3a1d26d,6.15663,248.44 Mh/s
0x52cba7232630af42b8e708229f5fafc121116712,0.15021,47.78 Mh/s
0x664576d57b7211f334e98dd9cc98b28fdd65f95b,0,28.67 Mh/s
0x081a474dfb514cec34b6753587c5ffaed340f5e8,0.05002,23.89 Mh/s
0x031e376c79e0c2c299fe688fcc88458f7801aba3,22.72843,1.33 Gh/s
0xda6b3861f8fc85ed57ba17abeb653b712e8fa7ec,15.00987,645.00 Mh/s
0x56ede9eed978b357e2a02353d8e9e40d41ac3fcb,2.65552,81.22 Mh/s
0xe0cab787a4b4c11895447630a861e477d6c2262d,77.94567,3.86 Gh/s
0x069077a9e813645748cce62bafad7fe768c7a122,2.69682,76.44 Mh/s
0x11462f96ae942e1d33ea0ca19041418648c25704,4.15852,181.56 Mh/s
0xa25e857e2a66dbdec591ee53ae468329f479852f,4.09697,124.22 Mh/s
0xbaca21cca858ddb171bd2cbf67e978229e7e5090,0.00000,0.00000
0x890092bca77737dbbd4950659d6d40558732fbe8,0.00000,0.00000
0x10031f3075fd1373ff027b85fe3f84a0dcf1ec3f,2.86427,95.56 Mh/s
0xb306e9e4938479b8f181e6ed63b626b51eee4be2,2.83193,210.22 Mh/s
0x3160973576acaef5e8f4c2ff4c227b4aba6de476,0.00000,0.00000
0x409080e32e0873a46a974b32672de3771fac13ee,0.00000,0.00000
0x9a5f08fc81654efd3648cbd903d643ae275ab08a,0.00000,0.00000
0x2c7e47435309281f3cbfed63dfcf75382d44068b,0.00000,0.00000
0xb1cae84e18d078ca707dffc0a06ea72f43bcc025,0.00000,0.00000
0xde088812a9c5005b0dc8447b37193c9e8b67a1ff,14.20402,544.67 Mh/s
0xd011f5a0f7cac9cd774686a9f4d0e0eab6698de8,4.01052,205.44 Mh/s
0x244018411076594be0b2d7bc9d090e05ee1445a6,0.00000,0.00000
0xb8816aebb91085ce23008aa5f879d51449c628cb,0.00000,0.00000
0x40c3d4f0de57aef3069aed114c337a4e70b31785,0.00000,0.00000
0x38ddf965ca514a885a3debd1f529b1375f4f081d,0.00000,0.00000
0x3d3bdfb32b8077e947fcbcdd2d84f661682b399a,0.00000,0.00000
0xa1fbd0b51595f38335d1bb638c5e2242c8fed4c7,0.00000,0.00000
0xc84c3b756f6993083c07289ff7a41047d2fbe163,0.00000,0.00000
0x240ff1e12aaf4fed7019c7fdb666af0b81f6b858,0.00000,0.00000
0x5a071c2db9eca27f4fccf414846ed2b4650b1ee1,0.00000,0.00000
0x0dd1e652790c314d274424ac2e9dfc155dfd09e7,0.00000,0.00000
0xa11c15de89b680085ecd441f2e4c503b92673efe,0.00000,0.00000
0x61605341663a3a4c28b8ea699d22b980168626b5,0.00000,0.00000
0xb0cc4c8750cb89443eaf3cd0e9f606880867fd0a,0.35094,76.44 Mh/s
0x660eddc9601b2b6193da75069363990215adbc81,0.00000,0.00000
0xa7752fef03c5ee3ca8f0b0603b40601dfdc558b0,0.00000,0.00000
0x6f065b590602182cdf50c0364147fc58336be598,0.00000,0.00000
0xee051d978d5e72e617de00cef13f8492343203f1,0.00000,0.00000
0xcef2e65b8593f9695844ec2500e82a70b1523262,0.00000,0.00000
0x57f32db69695ba487391c2faee0bb30d26e2a84f,0.00000,0.00000
0x3d22d721f994d4316cfc293c48b2af89e55a308e,0.00000,0.00000
0xe819304d5f2bec893cd585b2bf7c87e109d51711,0.00000,0.00000
0xc969d80e6b8f9500ccf0dbfa34eefe1cbbb35919,0.00000,0.00000
0xefe34a93df265978bda283f349e9a26db7088615,0.00000,0.00000
0x3277eeb2d1444180cba1af2c230788e7e4675f8f,0.00000,0.00000
0xdc9c92426ce7d3d2e42d214b03655fb6c590007e,0.00000,0.00000
0x5fcf09e6adafafec355188e8fcebe0de889d8ef9,0.00000,0.00000
0xa8869517ca2dcdb958dde22daaa42709fec0e463,0.00000,0.00000
0x98127b8ae743437cb6c1c028c7a361bcd063bdf1,0.00000,0.00000
0x4cecf1c88b1eb2bd7fc02ba1876028f8c072ff68,0.00000,0.00000
0x333c417633c4870b20070deef21d300ff4b22882,0.00000,0.00000
0x76ba69353dc6b2e269bc3b6a94c398b3db8654f9,0.00000,0.00000
0x2504ea8c560713a9f4a4e37fe3de56f62e12f7ec,0.00000,0.00000
0xa83505f1c382f8912ce0613e21ef351ba975a016,0.00000,0.00000
0x2ad83859bba7130c1e36fc419ee395593c1c9c3c,0.00000,0.00000
0x06c03e698bb7bc857a183d3a39dc7c518c4da2b5,0.00000,0.00000
0xe3e01058bdaa30b02470bad1d0b7d03f1fc05691,0.00000,0.00000
0xa3acbbae9307e189e8d9109da5beb532d2385cd3,0.00000,0.00000
0xfb07b935813205a9532ce1bbf82c4c50fac8c225,0.00000,0.00000
0x4d99e09f1c82adc66e70e4de9f33e6b108a07730,0.00000,0.00000
0xd2190e375b2cfbcf33f1d3a3a8fa0bd645bb5bc0,0.00000,0.00000
0x1fe0990b850abd91f1022d85002b8d9f3d70147f,0.00000,0.00000
0xc3fe26f07818c616582d69c3dfdd8c5860ea5a8e,0.00000,0.00000
0x670e2f6d02f2abc13184a321af8f79bffb8ad9d7,0.05004,28.67 Mh/s
0x591ac4c243823189449d2695c3c0b05eb82e7d84,1.94533,76.44 Mh/s
0x9d0266e0960353ed271c1f0cb210d2eaa2a5708b,1.62381,286.67 Mh/s
0xb18261b52469c96604f41bf1f7b540956beae3a6,0.70325,100.33 Mh/s
0x965cd67187498515939ee2dc65d151a47d8e0f3f,7.21117,238.89 Mh/s
0xdf9f90da99be942469ae199dd9c6fb7215253ad5,4.87902,172.00 Mh/s
0xd1d11cc2a2c8065bd8e87b88347d51819028d0f1,0.30074,33.44 Mh/s
0x83ac90f1b1c0111c8a648d375fa55c55028eb9b2,5.39861,243.67 Mh/s
0x979c644649924629cb1e295e51800cc56c121680,4.24725,191.11 Mh/s
0xc61d30fa9a704e464b0fe43520f363e88732bf17,3.12444,152.89 Mh/s
0x15f66f710275e41bdb9d0f7268146d48b1c95521,0.00000,0.00000
0x1114029559cf1136dcc97a65daa90ebf2bf684e9,0.10080,310.56 Mh/s
0x0861dcff850633ee1a28734cd3e8cbf74d0f8aa4,6.90669,210.22 Mh/s
0x52ae32f1cd558900e68d4b2a86b8b1f46136dc5a,0.00000,0.00000
0x025a243846c99587faeebc590517bc6109ab1d47,2.61765,28.46 Gh/s
0x707444f00140f3ab907b3d70b76a3b021c0ff0fb,0.00000,0.00000
0xa5dec1ca0018e812561905aa3b4562e66cfa9615,13.18464,248.44 Mh/s
0x88c47265e767f13a0e20c3c5ce24957f5aa2589b,4.89381,129.00 Mh/s
0x551ea78b45c964069e765ae10cb5eda200a249a3,0.50222,52.56 Mh/s
0x35c3dfe00da1d08dd129d2aa7cbe0a455f4c8400,1.27329,109.89 Mh/s
0x84ec6fd5bee82e5cec4c3d6067b877db4d8c929c,1.26209,57.33 Mh/s
0x008733d543650543c82a93843664b09b0b2c70b5,8.86303,640.22 Mh/s
0xa8eef1b4ccf4b270bd44cf1b795ad85b6a7b0dc8,45.49109,606.78 Mh/s
0x655383661e577bd13f557f33e52639ebc91301dd,11.29095,391.78 Mh/s
0x178b40b8d581661fb0d15a6637d148b9e5866db2,1.80746,76.44 Mh/s
0x664254957b416b15ee4a881b59deab3c4159e549,6.19210,296.22 Mh/s
0x41e9ec6df27fb8b754224293e82ff60d7e5d3b88,0.00000,0.00000
0xe0d91f043e09757705f55fca34fd540adb84aa5a,0.00000,0.00000
0x7cf07833e29e0ba86a6717872d341108fe082c71,0.00000,0.00000
0xcbf7b0bcda8e6199b665d9993ceadc4aa3115c09,0.00000,0.00000
0x930635041c1ecdda1b50123f5d055063964e7527,0.00000,0.00000
0x2d5363f2c2415314e250b377c7cb4ed79d33f137,0.00000,0.00000
0x45e7d52653349379e7aac0a944b9d162c554341b,0.00000,0.00000
0x173bba88073cd79c2f96af876501d916c1e35357,0.00000,0.00000
0x38fbe45f18ddf3af151e9a43a9cf0858c48daf24,0.00000,0.00000
0x853a581f004ba3da0fbe870cae30fc130238143d,0.00000,0.00000
0xc1fa7f716c8cb5fd691f76777d97bad154aedf18,0.00000,0.00000
0x6e14897a327e246a4f97dcb627deb210cbcef003,0.00000,0.00000
0x409ff92722b29e353921488bb05aaad152905e60,0.00000,0.00000
0xbbde921bcdeda579192a4013ea681f389cb262cb,0.10002,28.67 Mh/s
0xef6c8bc50d915cc311991b5483e46aa3bf6031b7,2.01966,186.33 Mh/s
0xee46ff0147517945a888621b72bf44fbfc06ad57,0.35529,549.44 Mh/s
0xf84fa21c8f7fa7f4e3f83aec1692549cf261c691,6.65480,234.11 Mh/s
0x6ece7db5b275476682318cce17184f6125fa0696,35.89238,1.79 Gh/s
0xbd33bdc4dae01ea108b7e52b02327ea118c1d520,2.64267,391.78 Mh/s
0x1309ef253d7351646e9acaad18fdfd35bd269cda,9.03568,334.44 Mh/s
0x0c6bf3c530c9162fe8434c231e6d86b0dcbaadee,0.00000,14.33 Mh/s
0x4b76d8ac82d17c1ea28856370078116453d2230e,0.00000,0.00000
0xc74ca2cd149939dc9e9626316f9f16febcaa2a51,0.00000,0.00000
0x3c43dd19a878d2e51557e63fd90298970000915b,0.00000,0.00000
0x213d5900348b2bb9e72cd48a0bb45744e276236f,0.00000,0.00000
0x7ec253d69f4a20dc682b16aa218ae8bbfdd8855e,1.56276,138.56 Mh/s
0x608e5cbf5c6e09c1a2280ac2168a593950c40ac6,0.05013,181.56 Mh/s
0x1748d2103d71e243d772bab526ec928cfca705de,6.43942,234.11 Mh/s
0xd970751b353c7368a552fc67fd55d6fc1f456f6e,43.80524,3.72 Gh/s
0x37ab2cafa6bce0fd942dc63db2d95a38040d0db4,1.43492,62.11 Mh/s
0xb477524d7914f73b2db1a925889c3200a2fbdf1d,2.40712,692.78 Mh/s
0x4dec5ce31a06cb742b04b37e1da53fc047de3ab5,0.10035,286.67 Mh/s
0xcd990e48eace8e6c797af3f4e3fa8e4bcfa709a1,0.00000,0.00000
0xddeeaddcdb820cf2b672beaf6988624515f7c0d7,0.00000,0.00000
0x5e59501d389d3af6463555c2a8d13537dcfbdaf8,0.00000,0.00000
0x4d6510ac14e1f3d32b26a151a3653f13920a21ef,0.00000,0.00000
0xff878cf5c43efcba202e00cb96bad9ded647378a,0.00000,0.00000
0xc04ebf51fadead9efadfcc76dad5acdf9c36550e,0.00000,0.00000
0x3a982de3e470d81eb60b4c6019d88242dc676909,0.00000,0.00000
0x42033f25a359a90bb56198f4ba1373cddb040cb8,0.00000,0.00000
0x81a45b9125635ace83d26e70c6c2f9adbff54a49,0.00000,0.00000
0xd925e04c9f102e093a68c79b0a57791bebc8d418,0.00000,0.00000
0xf34f030448d51f2088697cf6a2cd2e7aee3b191e,0.00000,0.00000
0x57a8bd2fbb79d51780389bf992bfc6372d78f1e2,0.00000,0.00000
0x38c70bf8eb2f41ff3901f1a33d9188566420180e,0.00000,0.00000
0xe25669f2657060cb19c1ca17c0faa12c0308d05e,0.00000,0.00000
0x989198b0f695118a280b7fb39a2f741a184fc9ea,18.35357,487.33 Mh/s
0x2f3e3cf977f2e52440e077cb2959ec834061c7bd,0.05001,23.89 Mh/s
0x8829e84d56c6dc68abaedead2f765d032d4c19fa,14.67553,602.00 Mh/s
0x6810d08f46f7cd8ec6b4a914b62b23da8185af5a,5.05497,200.67 Mh/s
0x2690538ec83c0658bd946849ee009d5b6d8655d4,0.50134,33.44 Mh/s
0xaa566de44965ba3537b0746e1dcebdf2ee8a4590,4.98833,138.56 Mh/s
0xa2d7231a064dd0284a4440eb2041ddae57b9936e,1.42720,301.00 Mh/s
0xc2bfb5b11d500b454295fbbe98afb267a69fa077,3.70964,176.78 Mh/s
0xcee7ac8d63ae1199fa8cd795838ef0f87575f646,4.29976,148.11 Mh/s
0x77c21d5acd133be45b0eb7dd072f99cdf1321614,0.35039,14.33 Mh/s
0x2bcb535087b36e1a68a2850bd6c5443e88b7ad12,4.89284,152.89 Mh/s
0x2adea89a65c9e84e313b718e75b5b88041d77db3,11.81440,425.22 Mh/s
0x2a04773bb4e6acdaaa47d70ed549f2da185ddc54,6.01852,463.44 Mh/s
0x09b6e2b53d0831e8310e5446f76c449ed57d842d,4.32099,544.67 Mh/s
0x902c5b294d353dbbcb9e21b001d93fddd8d07a93,2.36471,124.22 Mh/s
0x867cff8f14285253efc8b11d614482ff27c3bfda,0,129.00 Mh/s
0x98b23decb9dd2c5db452b6cdd2189b45430e9f71,1.63160,43.00 Mh/s
0x536bbf4b1cfb7f485766dd163e7e342e0ab05ef1,1.00423,124.22 Mh/s
0x85f2a1419a532ada3f1c02a6746c9401833f00a8,14.87224,305.78 Mh/s
0x9d1c4ecba48531c6257dd6229064fc71ea677c19,12.24966,544.67 Mh/s
0x0ba1fedeac37de6318e665f12897bd2d4522210a,0.35165,802.67 Mh/s
0xd1fc3b97b60b93163d924941b49869a4adbcb41c,2.88709,253.22 Mh/s
0x10196d0dd648065feaa4c0a72d0b6f9bed01b58c,3.05647,109.89 Mh/s
0x2b9e903ae36bf20a0f3b1fb02b04cc585afe1d7f,2.43713,152.89 Mh/s
0xd830324488a6f45e44836029c459cbdc6747ed72,1.51606,382.22 Mh/s
0x5a4e70b2976aded88089edfd5dcffe6771cd079e,0.10074,186.33 Mh/s
0x8add1f6f3769074db0e5c66c51c0d1c91fc69a1f,0.00000,181.56 Mh/s
0xb7b4279c3abe8b5f4f22147dff313ae906ce39b2,2.46813,119.44 Mh/s
0x3677ed2967223918d44c37ba4a2bcc54f43df281,4.73316,391.78 Mh/s
0x9f4a296bab5373d8c00846215524378fa9276456,9.91910,286.67 Mh/s
0xb95c643cea0f0021b8ba0d8ea83a6e5d68f6c61e,2.97342,71.67 Mh/s
0x2d2d9790377d683ffc99f77707871724ef631081,0.20075,181.56 Mh/s
0x40ca34b12fa1b42080d2d0cb146382bc63bb050c,0.60417,43.00 Mh/s
0xbc4340f4a8c4c4850399778ef628bd87284a90f9,3.48115,243.67 Mh/s
0x0cd67171f8fc68d1ad6ecee2f8f593c656dc243e,3.00290,167.22 Mh/s
0x19d029599391c8f93de5c4af2aec6b7dd3cf024e,3.16073,167.22 Mh/s
0xd04d17c01e09cc9576dd7c82ec8fb59a703a4f88,0.45082,57.33 Mh/s
0x4a05d5f2dff0c514bf1d9a4dd3ade514221b7bff,0.71244,66.89 Mh/s
0x035e75d05d85535a4e1b3763995f5740df4f00d3,0.40129,71.67 Mh/s
0x71e4d7c0fa05ecacdb7b47ce588b711f9a8b09b6,1.49275,33.44 Mh/s
0x6d648eb7f9c6f4e4fcb74e00dad79e7b3ee1dca0,6.09080,0.00 h/s
0xb3434936c42417fa92b0b03721de80911cb34198,0.30524,888.67 Mh/s
0x3c6f00c0322af3729c26550af43eaec6d5b1cae9,0.00000,0.00000
0x484a22be7fa841523e3b90fefa48b23e19fcfcfe,0.00000,0.00000
0xcb76d342284e1d02c47d5479c3e2de3138d4f2e0,119.10586,5.99 Gh/s
0x9a98f28c2f9fb3eb0029afd0de5ef7413c6af680,0.00000,0.00000
0x163df42e72e7e2fd6f7fe945628f254b48d49ecf,2.86521,152.89 Mh/s
0xa375fe7648e80d4856c4b95faa33d9165910964e,5.50825,516.00 Mh/s
0x26c63692cbcf73c0931a6d1b93ab193bc3bce9a7,2.37891,344.00 Mh/s
0x451f9592d781d4a77487dda5d5152ee3a7cef648,23.16039,616.33 Mh/s
0xf90ecc9767b998ade690f3ebfeb5d7dfdd511bd4,4.23678,277.11 Mh/s
0xf8f20c94306bd5f906df4ebfd934d12931ad32c8,0.20045,23.89 Mh/s
0xbddb90ea4140353f9573f8522ba6d40ee552643f,21.13161,645.00 Mh/s
0xd76b60676beec47122928f07e3d031939ccb2f8d,0.25111,76.44 Mh/s
0x2f5dc432812b1cab86a3a3c265589bf4f3572c96,20.47920,993.78 Mh/s
0x48c14b5b824d1b59f3597ed97aefc7704e8e21f5,5.98702,238.89 Mh/s
0x98e9aae25e944c048d9c02695559314b44f2299c,16.33881,6.03 Gh/s
0xf7139e8eb3d3c0536f4879939c99bf566650690c,13.03988,630.67 Mh/s
0xe475767a0bb107662de9057d0ca0b9d253312e11,0,23.89 Mh/s
0x0dd73fa9fe93097d475a41b40e692e78079a8bf9,0.50558,344.00 Mh/s
0x55b97b901f6abe966c825b9dece911113ab58cc1,5.74929,191.11 Mh/s
0x05a6ec050c8df08fe498d05a7e8c78370bf92768,0.00000,0.00000
0xc7cfd12a7b2eb71245f663a00012728042e071a9,0.00000,0.00000
0xc0528af390aa28109c38697611e9009c28335c24,0.00000,0.00000
0x7855384625717f5ea268834abe76ee7c206599e5,0.65951,348.78 Mh/s
0x61c24d8145abfc9279e7f57b5946bde5ee572f87,0.00000,0.00000
0x327952431541e1a2e5867c42e125c2e1b14b3a3c,2.61920,124.22 Mh/s
0x691ba42cc9343875eecf3939e0fa1323513ad614,4.34125,138.56 Mh/s
0x7e49e4f3c8de27152126ee27cc867cc9d83843c2,0.00000,0.00000
0xdae74b7c1612955592265821a5d6a382f2d1163a,1.16835,62.11 Mh/s
0xf201d4b2cbbf5494ae24a2f1caed7e0642ed9fa3,0.00000,0.00000
0xa3b22ab8619c31ffd5c69e1c2724a018b3ec83e5,0.00000,0.00000
0x4755a4d1075b0bb3dbc9112509f183d0c50b1abc,5.56388,1.03 Gh/s
0x8003ee0f33bdda0c59ef6f8f08c9b3d9771d3f13,1.41406,200.67 Mh/s
0xa83187812fe0e24515a51464ab992e8e388cd6ff,3.54092,148.11 Mh/s
0xc24fd18539d0fcfc1ccbd6e86eb69fbef3c7bb31,4.86482,215.00 Mh/s
0x4231d3d47b1f56d27bcf0866bb1c59628a760d9c,5.29838,191.11 Mh/s
0xd0192213bbc96dee1fecdfab6672218835a6773b,4.99478,535.11 Mh/s
0x16fba6ce3a6addf9a1c078addb8529082b70bdef,0.42129,9.56 Mh/s
0x3b13126ddb7e3a0817740030cb2234f2dd64ce90,0,210.22 Mh/s
0x1b5d644aad7b24aa7054e1c71fbe376d7c9cfbfc,4.12696,382.22 Mh/s
0x5ecc63de63ee5634cd5d441e899480482781810a,5.16047,262.78 Mh/s
